sleep_id,sleep_time,no_naps
5000,4,0
5001,6,0
5002,4,0
5003,5,5
5004,2,0
5005,5,4
5006,8,0
5007,7,2
5008,4,0
5009,5,0
6000,5,0
6001,0,0
6002,3,0
6003,3,0
6004,2,0
6005,10,0
6006,10,2
6007,3,0
6008,1,0
6009,1,0
7000,2,1
7001,6,0
7002,2,0
7003,8,0
7004,5,1
7005,6,0
7006,3,0
7007,0,0
7008,0,0
7009,6,0
8000,3,0
8001,8,0
8002,5,0
8003,3,0
8004,8,5
8005,3,0
8006,7,2
8007,4,0
8008,5,0
8009,3,5
9000,5,0
9001,6,0
9002,8,0
9003,10,0
9004,3,0
9005,5,0
9006,6,0
9007,8,0
9008,8,0
9009,1,0
10000,3,0
10001,3,0
10002,3,3
10003,1,1
10004,0,0
10005,1,0
10006,0,0
10007,1,0
10008,2,0
10009,4,0
11000,7,0
11001,0,0
11002,7,3
11003,5,3
11004,9,0
11005,0,0
11006,7,3
11007,5,0
11008,0,0
11009,5,0
12000,4,0
12001,4,0
12002,0,0
12003,1,0
12004,7,0
12005,8,0
12006,10,0
12007,1,0
12008,2,0
12009,9,0
13000,9,0
13001,1,0
13002,10,0
13003,2,0
13004,0,0
13005,10,0
13006,10,3
13007,5,0
13008,6,0
13009,2,4
14000,4,0
14001,0,0
14002,8,1
14003,3,0
14004,5,0
14005,7,0
14006,5,0
14007,9,0
14008,4,3
14009,9,2
15000,8,0
15001,8,0
15002,10,0
15003,8,0
15004,2,0
15005,6,1
15006,3,0
15007,7,0
15008,0,0
15009,2,0
16000,0,4
16001,3,0
16002,10,3
16003,0,0
16004,5,0
16005,8,0
16006,8,5
16007,3,0
16008,1,5
16009,10,0
17000,10,0
17001,5,0
17002,10,0
17003,7,2
17004,9,0
17005,3,0
17006,2,0
17007,8,0
17008,9,0
17009,5,0
18000,7,0
18001,4,0
18002,4,0
18003,4,0
18004,10,1
18005,7,0
18006,4,1
18007,3,0
18008,1,1
18009,0,0
19000,5,4
19001,9,0
19002,3,0
19003,0,1
19004,3,1
19005,6,0
19006,1,2
19007,4,0
19008,9,0
19009,1,3
20000,8,0
20001,3,0
20002,5,0
20003,5,5
20004,4,0
20005,7,0
20006,6,0
20007,4,0
20008,6,0
20009,4,0
21000,5,0
21001,3,0
21002,1,0
21003,10,0
21004,4,0
21005,3,0
21006,6,0
21007,2,5
21008,10,0
21009,9,0
22000,10,0
22001,0,0
22002,2,0
22003,8,0
22004,1,1
22005,9,2
22006,7,0
22007,4,0
22008,9,0
22009,3,0
23000,2,0
23001,5,0
23002,9,0
23003,5,0
23004,0,0
23005,8,1
23006,7,0
23007,1,5
23008,3,1
23009,9,0
24000,9,0
24001,5,4
24002,9,0
24003,1,0
24004,1,0
24005,8,0
24006,9,0
24007,3,0
24008,9,3
24009,3,0
25000,7,0
25001,6,3
25002,4,0
25003,7,0
25004,9,0
25005,10,0
25006,9,0
25007,8,0
25008,7,0
25009,10,5
26000,8,0
26001,3,0
26002,10,4
26003,1,0
26004,9,0
26005,4,0
26006,3,0
26007,2,0
26008,5,0
26009,0,0
27000,6,0
27001,4,0
27002,0,0
27003,2,0
27004,2,1
27005,7,2
27006,3,0
27007,9,0
27008,5,0
27009,4,0
28000,3,0
28001,7,3
28002,0,0
28003,6,0
28004,2,0
28005,3,3
28006,10,0
28007,7,0
28008,7,0
28009,10,0
29000,0,0
29001,9,0
29002,4,0
29003,6,0
29004,6,2
29005,9,4
29006,8,0
29007,7,0
29008,10,4
29009,5,0
30000,10,0
30001,2,0
30002,7,0
30003,3,0
30004,8,0
30005,3,4
30006,6,0
30007,10,0
30008,4,0
30009,7,3
31000,5,0
31001,7,0
31002,10,0
31003,7,0
31004,9,0
31005,6,4
31006,3,0
31007,7,0
31008,5,0
31009,7,0
32000,0,0
32001,3,0
32002,7,0
32003,6,0
32004,4,3
32005,1,0
32006,8,0
32007,2,3
32008,7,0
32009,0,0
33000,6,0
33001,0,0
33002,7,0
33003,3,0
33004,5,0
33005,8,4
33006,9,0
33007,10,0
33008,5,0
33009,1,2
34000,4,0
34001,0,5
34002,7,5
34003,2,0
34004,5,0
34005,0,0
34006,2,3
34007,2,0
34008,0,0
34009,3,0
35000,6,0
35001,1,0
35002,5,0
35003,9,0
35004,10,0
35005,5,0
35006,9,0
35007,8,0
35008,1,0
35009,7,0
36000,3,1
36001,10,0
36002,4,0
36003,5,0
36004,9,0
36005,1,0
36006,7,3
36007,3,0
36008,2,0
36009,6,3
37000,10,1
37001,2,0
37002,7,0
37003,0,0
37004,9,0
37005,5,0
37006,10,0
37007,1,1
37008,1,1
37009,7,0
38000,3,0
38001,10,0
38002,3,0
38003,8,5
38004,4,0
38005,1,1
38006,7,0
38007,4,0
38008,9,0
38009,10,0
39000,7,3
39001,4,0
39002,5,0
39003,1,0
39004,10,0
39005,7,3
39006,10,0
39007,2,3
39008,2,5
39009,7,0
40000,10,0
40001,10,0
40002,3,0
40003,3,1
40004,6,3
40005,6,0
40006,3,0
40007,6,0
40008,3,0
40009,1,0
41000,10,0
41001,8,3
41002,7,0
41003,6,0
41004,9,0
41005,4,0
41006,9,0
41007,7,5
41008,1,0
41009,1,0
42000,3,0
42001,1,2
42002,5,1
42003,8,0
42004,3,0
42005,9,0
42006,9,0
42007,5,5
42008,3,0
42009,0,4
43000,2,0
43001,7,0
43002,3,0
43003,10,0
43004,7,0
43005,4,0
43006,2,0
43007,1,0
43008,1,0
43009,4,0
44000,8,0
44001,10,0
44002,7,0
44003,9,0
44004,2,0
44005,6,0
44006,10,0
44007,0,4
44008,1,2
44009,8,2
45000,2,0
45001,0,0
45002,2,0
45003,4,0
45004,8,1
45005,0,0
45006,7,0
45007,4,0
45008,9,0
45009,4,0
46000,2,0
46001,4,0
46002,3,0
46003,5,0
46004,3,0
46005,4,0
46006,5,3
46007,10,0
46008,9,0
46009,9,0
47000,0,0
47001,2,1
47002,5,0
47003,5,1
47004,5,0
47005,9,0
47006,0,0
47007,5,0
47008,0,0
47009,10,0
48000,2,0
48001,2,0
48002,1,0
48003,8,2
48004,4,5
48005,10,0
48006,5,0
48007,5,0
48008,7,0
48009,3,0
49000,2,0
49001,3,0
49002,5,0
49003,1,0
49004,5,3
49005,8,0
49006,0,0
49007,8,0
49008,3,4
49009,6,0
50000,3,0
50001,7,4
50002,5,0
50003,2,0
50004,9,0
50005,4,4
50006,4,0
50007,9,0
50008,5,0
50009,7,0
51000,1,0
51001,8,0
51002,2,0
51003,5,0
51004,2,1
51005,1,0
51006,9,0
51007,0,4
51008,7,0
51009,8,0
52000,10,0
52001,3,0
52002,3,0
52003,0,0
52004,8,0
52005,8,4
52006,0,0
52007,9,2
52008,7,0
52009,9,0
53000,8,0
53001,7,0
53002,8,0
53003,5,0
53004,2,0
53005,7,0
53006,10,0
53007,10,0
53008,0,0
53009,10,0
54000,0,0
54001,8,1
54002,0,0
54003,3,3
54004,8,0
54005,7,0
54006,4,3
54007,2,0
54008,0,0
54009,8,0
55000,6,0
55001,4,0
55002,8,4
55003,1,0
55004,10,0
55005,3,1
55006,5,0
55007,2,0
55008,0,0
55009,9,1
56000,6,0
56001,5,0
56002,7,0
56003,8,0
56004,4,0
56005,9,0
56006,5,0
56007,7,0
56008,10,0
56009,1,1
57000,3,0
57001,5,0
57002,9,0
57003,1,3
57004,2,0
57005,5,3
57006,7,3
57007,5,4
57008,5,5
57009,5,1
58000,2,5
58001,4,0
58002,2,0
58003,8,0
58004,3,0
58005,5,0
58006,10,3
58007,8,0
58008,0,3
58009,0,0
59000,5,0
59001,0,0
59002,9,3
59003,6,0
59004,3,0
59005,0,0
59006,7,0
59007,7,0
59008,10,0
59009,4,2
60000,5,0
60001,5,0
60002,5,0
60003,6,5
60004,7,0
60005,0,0
60006,2,0
60007,4,0
60008,0,0
60009,4,0
61000,2,0
61001,6,0
61002,0,0
61003,1,0
61004,0,0
61005,8,0
61006,5,0
61007,5,0
61008,3,0
61009,1,0
62000,2,0
62001,7,0
62002,7,0
62003,6,2
62004,4,0
62005,8,0
62006,6,0
62007,5,0
62008,5,0
62009,4,0
63000,9,5
63001,1,0
63002,9,0
63003,10,0
63004,9,0
63005,10,0
63006,3,0
63007,0,0
63008,9,0
63009,5,0
64000,9,0
64001,9,3
64002,8,3
64003,9,0
64004,3,0
64005,10,0
64006,7,0
64007,1,0
64008,4,0
64009,1,0
65000,6,0
65001,5,0
65002,2,0
65003,9,1
65004,0,3
65005,10,0
65006,8,3
65007,10,0
65008,6,3
65009,9,0
66000,10,0
66001,8,1
66002,8,0
66003,7,0
66004,10,0
66005,6,0
66006,5,0
66007,10,0
66008,7,0
66009,7,0
67000,1,0
67001,1,0
67002,8,0
67003,10,0
67004,9,3
67005,8,0
67006,5,0
67007,5,0
67008,9,0
67009,1,5
68000,8,0
68001,3,0
68002,8,4
68003,2,5
68004,5,0
68005,2,0
68006,7,0
68007,5,1
68008,10,0
68009,1,0
69000,10,0
69001,3,5
69002,10,0
69003,7,0
69004,10,0
69005,5,0
69006,5,0
69007,6,3
69008,7,0
69009,10,0
70000,0,0
70001,10,0
70002,6,2
70003,3,0
70004,3,0
70005,6,0
70006,9,0
70007,10,0
70008,6,0
70009,1,0
71000,5,0
71001,3,4
71002,4,4
71003,1,0
71004,3,0
71005,6,0
71006,5,0
71007,0,0
71008,10,4
71009,2,1
72000,7,0
72001,0,2
72002,1,1
72003,1,2
72004,9,0
72005,5,0
72006,1,0
72007,8,0
72008,4,4
72009,5,2
73000,2,0
73001,1,5
73002,6,0
73003,7,0
73004,1,5
73005,0,1
73006,5,0
73007,2,0
73008,10,1
73009,10,0
74000,8,0
74001,4,0
74002,10,0
74003,0,0
74004,7,0
74005,7,0
74006,3,0
74007,2,0
74008,1,0
74009,3,0
75000,2,1
75001,5,0
75002,6,0
75003,4,0
75004,0,0
75005,4,1
75006,9,4
75007,9,0
75008,5,0
75009,9,0
76000,5,3
76001,5,0
76002,5,0
76003,1,3
76004,5,0
76005,7,0
76006,7,0
76007,3,0
76008,10,0
76009,0,3
77000,1,0
77001,4,0
77002,7,0
77003,9,0
77004,9,4
77005,5,2
77006,1,1
77007,3,0
77008,7,0
77009,3,0
78000,3,0
78001,6,0
78002,6,0
78003,9,0
78004,1,0
78005,7,1
78006,6,4
78007,10,0
78008,6,0
78009,3,0
79000,10,0
79001,3,0
79002,6,1
79003,6,0
79004,9,0
79005,6,0
79006,4,1
79007,0,0
79008,3,0
79009,3,0
80000,0,3
80001,0,3
80002,1,0
80003,9,0
80004,2,3
80005,5,0
80006,4,0
80007,8,4
80008,3,0
80009,4,0
81000,10,0
81001,10,0
81002,0,0
81003,4,0
81004,5,0
81005,6,0
81006,6,0
81007,4,0
81008,5,0
81009,6,2
82000,2,0
82001,7,0
82002,4,0
82003,10,0
82004,7,0
82005,10,0
82006,5,0
82007,9,0
82008,0,0
82009,10,0
83000,9,0
83001,7,0
83002,10,0
83003,0,0
83004,9,1
83005,10,0
83006,0,0
83007,2,0
83008,0,0
83009,5,1
84000,3,0
84001,10,0
84002,0,0
84003,4,0
84004,0,0
84005,4,0
84006,8,0
84007,9,0
84008,4,0
84009,2,0
85000,9,0
85001,10,0
85002,5,0
85003,2,3
85004,3,1
85005,0,0
85006,4,0
85007,6,4
85008,5,0
85009,0,0
86000,10,0
86001,9,0
86002,5,4
86003,2,0
86004,9,0
86005,10,0
86006,1,0
86007,1,0
86008,5,0
86009,10,0
87000,8,2
87001,8,0
87002,8,0
87003,2,0
87004,9,3
87005,3,0
87006,10,0
87007,0,0
87008,7,0
87009,2,4
88000,9,0
88001,0,0
88002,8,0
88003,10,0
88004,7,4
88005,1,0
88006,2,0
88007,4,5
88008,10,0
88009,4,0
89000,2,0
89001,7,4
89002,10,0
89003,3,0
89004,7,0
89005,4,0
89006,10,0
89007,9,0
89008,9,5
89009,3,0
90000,4,1
90001,9,0
90002,10,0
90003,8,1
90004,8,0
90005,6,0
90006,0,0
90007,10,0
90008,2,0
90009,6,0
91000,8,5
91001,3,0
91002,5,0
91003,9,0
91004,10,0
91005,1,0
91006,7,0
91007,7,0
91008,1,0
91009,4,2
92000,6,2
92001,9,0
92002,10,0
92003,4,0
92004,10,4
92005,8,0
92006,8,0
92007,2,0
92008,4,0
92009,1,0
93000,2,0
93001,8,0
93002,8,0
93003,8,0
93004,5,0
93005,4,3
93006,9,2
93007,4,0
93008,8,4
93009,3,0
94000,9,0
94001,7,0
94002,6,0
94003,1,3
94004,7,0
94005,9,0
94006,1,0
94007,7,0
94008,7,0
94009,4,0
95000,7,5
95001,4,0
95002,0,0
95003,7,0
95004,5,0
95005,3,0
95006,4,0
95007,9,0
95008,10,0
95009,4,0
96000,5,5
96001,5,2
96002,2,5
96003,2,0
96004,9,0
96005,7,2
96006,1,0
96007,4,3
96008,1,0
96009,5,0
97000,7,0
97001,3,5
97002,7,0
97003,4,3
97004,8,1
97005,1,0
97006,1,0
97007,7,3
97008,5,0
97009,2,0
98000,4,0
98001,9,3
98002,6,0
98003,4,2
98004,0,0
98005,2,0
98006,5,2
98007,8,3
98008,2,0
98009,6,3
99000,7,0
99001,10,0
99002,3,4
99003,6,0
99004,0,2
99005,5,0
99006,2,2
99007,3,0
99008,2,0
99009,0,0
100000,1,0
100001,5,0
100002,8,0
100003,4,0
100004,7,0
100005,1,0
100006,2,3
100007,1,0
100008,0,0
100009,8,0
101000,2,0
101001,4,0
101002,5,0
101003,3,0
101004,7,5
101005,8,0
101006,3,0
101007,0,0
101008,10,0
101009,4,2
102000,1,0
102001,4,5
102002,2,1
102003,4,0
102004,7,0
102005,6,0
102006,0,3
102007,6,0
102008,0,0
102009,9,0
103000,10,3
103001,2,0
103002,7,5
103003,6,0
103004,7,0
103005,10,0
103006,10,0
103007,6,0
103008,9,0
103009,0,0
104000,0,0
104001,3,0
104002,8,0
104003,6,0
104004,1,0
104005,1,0
104006,1,0
104007,6,0
104008,6,0
104009,7,0
105000,5,0
105001,3,4
105002,9,0
105003,5,0
105004,6,0
105005,6,0
105006,10,0
105007,9,2
105008,4,0
105009,8,0
106000,4,0
106001,9,0
106002,6,0
106003,5,3
106004,9,0
106005,4,0
106006,2,3
106007,6,0
106008,0,0
106009,2,0
107000,2,0
107001,0,0
107002,2,0
107003,10,0
107004,8,0
107005,0,5
107006,9,0
107007,9,0
107008,3,0
107009,7,2
108000,7,0
108001,9,0
108002,6,0
108003,6,0
108004,8,2
108005,6,0
108006,0,0
108007,0,0
108008,0,0
108009,8,0
109000,2,0
109001,6,0
109002,7,0
109003,4,0
109004,8,0
109005,2,0
109006,1,0
109007,8,0
109008,7,5
109009,6,5
110000,10,0
110001,5,0
110002,10,0
110003,3,0
110004,2,0
110005,10,0
110006,9,0
110007,0,0
110008,1,0
110009,3,4
111000,3,3
111001,9,0
111002,9,0
111003,4,0
111004,4,0
111005,1,0
111006,2,0
111007,7,0
111008,5,3
111009,9,0
112000,2,1
112001,8,0
112002,5,4
112003,5,0
112004,2,5
112005,8,0
112006,9,0
112007,9,0
112008,9,4
112009,6,0
113000,7,3
113001,0,0
113002,6,0
113003,6,0
113004,4,0
113005,4,0
113006,6,0
113007,9,0
113008,1,0
113009,6,0
114000,0,1
114001,1,3
114002,9,0
114003,0,0
114004,2,0
114005,6,0
114006,4,0
114007,1,0
114008,10,4
114009,7,0
115000,4,0
115001,5,4
115002,5,4
115003,1,0
115004,2,0
115005,1,3
115006,2,0
115007,7,0
115008,7,0
115009,2,0
116000,5,0
116001,5,5
116002,2,0
116003,3,0
116004,3,0
116005,6,0
116006,1,0
116007,4,0
116008,4,0
116009,0,0
117000,6,0
117001,10,0
117002,0,0
117003,8,0
117004,10,0
117005,5,0
117006,8,2
117007,10,0
117008,8,2
117009,6,0
118000,3,0
118001,3,0
118002,8,0
118003,0,5
118004,10,0
118005,8,0
118006,10,0
118007,3,0
118008,10,2
118009,2,1
119000,10,0
119001,9,0
119002,9,0
119003,3,0
119004,0,0
119005,9,5
119006,2,0
119007,5,0
119008,8,0
119009,1,3
120000,1,0
120001,10,0
120002,7,0
120003,9,0
120004,7,0
120005,4,0
120006,7,0
120007,1,0
120008,7,4
120009,5,0
121000,1,0
121001,1,0
121002,0,3
121003,4,0
121004,9,0
121005,4,0
121006,8,0
121007,8,0
121008,10,0
121009,2,0
122000,0,0
122001,9,0
122002,6,2
122003,8,0
122004,7,0
122005,4,0
122006,1,0
122007,5,0
122008,6,0
122009,2,0
123000,4,0
123001,0,0
123002,10,0
123003,7,0
123004,3,0
123005,6,0
123006,0,0
123007,1,0
123008,5,0
123009,8,0
124000,5,0
124001,9,0
124002,3,0
124003,1,0
124004,9,1
124005,7,5
124006,9,0
124007,5,0
124008,8,0
124009,5,0
125000,8,0
125001,5,0
125002,7,0
125003,2,0
125004,7,0
125005,6,0
125006,6,0
125007,9,0
125008,0,0
125009,10,0
126000,9,0
126001,2,0
126002,4,0
126003,9,0
126004,3,0
126005,4,0
126006,10,0
126007,10,0
126008,5,0
126009,2,5
127000,9,0
127001,0,0
127002,7,0
127003,4,0
127004,2,0
127005,4,0
127006,3,0
127007,3,0
127008,1,0
127009,7,0
128000,5,0
128001,7,0
128002,6,0
128003,0,0
128004,5,0
128005,8,0
128006,1,3
128007,8,0
128008,10,0
128009,6,5
129000,6,4
129001,1,0
129002,5,0
129003,1,1
129004,8,0
129005,1,0
129006,2,0
129007,4,0
129008,0,0
129009,3,0
130000,1,0
130001,7,3
130002,1,1
130003,6,0
130004,2,0
130005,4,0
130006,6,0
130007,5,0
130008,7,0
130009,4,0
131000,0,0
131001,5,0
131002,2,1
131003,1,0
131004,4,2
131005,2,1
131006,0,3
131007,6,0
131008,1,5
131009,1,0
132000,5,3
132001,1,0
132002,3,0
132003,10,0
132004,9,0
132005,0,2
132006,1,2
132007,2,0
132008,8,0
132009,2,0
133000,2,1
133001,2,0
133002,5,0
133003,6,0
133004,8,0
133005,6,0
133006,10,0
133007,3,0
133008,4,3
133009,9,1
134000,6,0
134001,8,3
134002,3,0
134003,2,0
134004,5,0
134005,4,3
134006,1,0
134007,0,0
134008,9,0
134009,6,0
135000,10,1
135001,10,0
135002,7,0
135003,7,0
135004,4,0
135005,8,0
135006,8,0
135007,6,0
135008,6,0
135009,0,4
136000,7,0
136001,5,0
136002,9,3
136003,7,0
136004,5,0
136005,9,0
136006,6,0
136007,8,0
136008,3,3
136009,5,0
137000,0,0
137001,5,5
137002,2,0
137003,8,0
137004,7,0
137005,9,0
137006,9,0
137007,7,0
137008,7,0
137009,5,1
138000,4,0
138001,2,0
138002,3,0
138003,6,0
138004,7,0
138005,4,0
138006,8,0
138007,2,0
138008,7,0
138009,5,2
139000,5,2
139001,1,0
139002,1,0
139003,9,0
139004,10,5
139005,6,0
139006,0,0
139007,0,0
139008,4,0
139009,1,0
140000,0,0
140001,3,0
140002,5,0
140003,6,0
140004,9,0
140005,2,4
140006,8,0
140007,1,0
140008,1,0
140009,6,0
141000,7,0
141001,5,0
141002,7,0
141003,10,0
141004,1,0
141005,7,0
141006,2,1
141007,1,0
141008,10,5
141009,2,0
142000,0,5
142001,4,0
142002,1,0
142003,3,1
142004,2,0
142005,0,0
142006,0,0
142007,7,0
142008,10,0
142009,7,0
143000,3,0
143001,8,0
143002,6,0
143003,8,0
143004,4,0
143005,9,5
143006,4,0
143007,10,3
143008,10,1
143009,1,4
144000,8,0
144001,8,0
144002,6,0
144003,10,0
144004,2,0
144005,2,0
144006,8,0
144007,2,0
144008,4,3
144009,2,0
145000,9,0
145001,2,5
145002,0,4
145003,6,0
145004,2,0
145005,4,0
145006,7,0
145007,8,5
145008,2,0
145009,6,0
146000,7,0
146001,10,0
146002,4,0
146003,9,0
146004,3,0
146005,9,0
146006,2,0
146007,5,0
146008,10,0
146009,7,0
147000,1,4
147001,8,0
147002,5,0
147003,6,0
147004,0,5
147005,10,0
147006,9,0
147007,3,0
147008,5,0
147009,10,0
148000,6,0
148001,5,1
148002,0,0
148003,1,0
148004,6,0
148005,8,0
148006,5,3
148007,9,0
148008,9,0
148009,7,0
149000,2,0
149001,1,0
149002,1,3
149003,5,0
149004,5,0
149005,1,0
149006,6,0
149007,7,0
149008,2,0
149009,0,3
150000,2,0
150001,7,0
150002,8,2
150003,4,0
150004,8,0
150005,3,0
150006,10,3
150007,3,1
150008,8,0
150009,7,0
151000,7,0
151001,5,0
151002,2,0
151003,9,0
151004,9,2
151005,5,3
151006,7,0
151007,6,0
151008,5,0
151009,8,0
152000,4,0
152001,2,4
152002,10,0
152003,6,0
152004,0,0
152005,5,5
152006,7,0
152007,9,0
152008,3,0
152009,5,0
153000,7,0
153001,4,0
153002,10,0
153003,4,0
153004,5,0
153005,0,0
153006,1,0
153007,0,2
153008,0,0
153009,10,0
154000,6,0
154001,8,0
154002,4,0
154003,6,1
154004,8,3
154005,10,2
154006,7,2
154007,4,0
154008,4,3
154009,2,0
155000,1,0
155001,4,5
155002,8,0
155003,4,0
155004,3,0
155005,1,1
155006,0,2
155007,3,0
155008,3,5
155009,3,0
156000,9,1
156001,5,2
156002,8,0
156003,2,0
156004,8,0
156005,1,0
156006,7,4
156007,9,0
156008,9,0
156009,5,0
157000,5,0
157001,4,0
157002,2,0
157003,7,0
157004,1,3
157005,4,0
157006,3,0
157007,9,0
157008,4,0
157009,9,0
158000,1,2
158001,8,0
158002,3,0
158003,4,0
158004,3,0
158005,0,0
158006,1,0
158007,0,0
158008,5,0
158009,1,0
159000,10,0
159001,5,0
159002,5,0
159003,3,0
159004,0,0
159005,8,0
159006,0,0
159007,2,0
159008,0,0
159009,0,2
160000,10,0
160001,7,0
160002,8,0
160003,5,0
160004,7,0
160005,6,0
160006,1,0
160007,3,0
160008,3,4
160009,6,0
161000,8,0
161001,9,0
161002,0,3
161003,9,0
161004,10,3
161005,2,0
161006,0,0
161007,6,0
161008,8,3
161009,8,1
162000,3,5
162001,9,0
162002,2,0
162003,9,0
162004,10,0
162005,7,0
162006,1,1
162007,10,1
162008,6,0
162009,5,0
163000,8,0
163001,0,0
163002,0,0
163003,9,0
163004,0,1
163005,7,2
163006,1,0
163007,8,0
163008,2,0
163009,2,0
164000,3,0
164001,10,0
164002,4,5
164003,5,0
164004,8,0
164005,1,0
164006,2,0
164007,0,0
164008,9,5
164009,10,0
165000,3,2
165001,4,0
165002,5,0
165003,10,0
165004,9,5
165005,3,0
165006,3,0
165007,1,0
165008,1,0
165009,4,0
166000,3,0
166001,3,5
166002,6,0
166003,3,1
166004,7,0
166005,3,0
166006,1,0
166007,7,0
166008,2,0
166009,9,0
167000,7,0
167001,0,0
167002,1,0
167003,5,0
167004,0,3
167005,8,4
167006,5,0
167007,7,0
167008,2,0
167009,10,0
168000,1,0
168001,0,0
168002,10,0
168003,0,0
168004,0,0
168005,10,0
168006,7,0
168007,10,0
168008,10,0
168009,6,0
169000,8,0
169001,5,0
169002,0,0
169003,10,0
169004,0,0
169005,7,0
169006,4,0
169007,3,0
169008,1,5
169009,5,0
170000,2,0
170001,4,0
170002,3,0
170003,3,0
170004,6,0
170005,2,2
170006,7,0
170007,8,0
170008,0,0
170009,0,0
171000,10,0
171001,10,0
171002,8,0
171003,4,0
171004,0,0
171005,9,0
171006,5,2
171007,4,0
171008,4,0
171009,4,0
172000,7,0
172001,10,0
172002,6,0
172003,0,3
172004,8,5
172005,7,0
172006,10,0
172007,3,0
172008,2,1
172009,6,0
173000,6,0
173001,2,0
173002,3,0
173003,6,0
173004,5,3
173005,10,0
173006,5,0
173007,0,0
173008,4,2
173009,5,0
174000,3,0
174001,1,0
174002,1,0
174003,2,0
174004,3,0
174005,6,0
174006,3,0
174007,4,0
174008,3,0
174009,9,0
175000,8,0
175001,0,0
175002,8,0
175003,9,0
175004,5,0
175005,8,4
175006,5,0
175007,9,0
175008,1,2
175009,8,3
176000,5,0
176001,6,0
176002,2,0
176003,9,0
176004,10,0
176005,7,0
176006,8,0
176007,9,5
176008,2,2
176009,7,4
177000,4,0
177001,2,1
177002,4,0
177003,7,0
177004,1,0
177005,2,1
177006,1,2
177007,9,0
177008,4,0
177009,4,4
178000,10,0
178001,10,4
178002,10,0
178003,8,0
178004,5,2
178005,0,0
178006,2,0
178007,6,0
178008,0,0
178009,3,0
179000,7,0
179001,0,0
179002,0,0
179003,7,0
179004,7,0
179005,0,0
179006,1,0
179007,3,0
179008,2,3
179009,5,0
180000,3,0
180001,4,0
180002,2,4
180003,8,0
180004,4,0
180005,4,0
180006,7,0
180007,2,1
180008,5,0
180009,5,5
181000,5,2
181001,9,3
181002,3,0
181003,10,0
181004,9,0
181005,8,1
181006,5,0
181007,7,3
181008,8,0
181009,2,0
182000,10,1
182001,2,0
182002,9,1
182003,8,0
182004,2,0
182005,10,0
182006,9,4
182007,0,0
182008,8,0
182009,3,0
183000,6,0
183001,8,0
183002,4,2
183003,9,0
183004,5,0
183005,9,0
183006,6,0
183007,7,0
183008,3,0
183009,8,0
184000,4,0
184001,8,0
184002,0,2
184003,4,0
184004,5,1
184005,5,0
184006,3,0
184007,3,0
184008,8,0
184009,5,0
185000,5,3
185001,10,0
185002,5,0
185003,8,0
185004,8,0
185005,7,0
185006,1,0
185007,8,0
185008,2,0
185009,8,0
186000,3,0
186001,10,4
186002,5,0
186003,5,0
186004,7,0
186005,7,5
186006,2,2
186007,9,0
186008,8,0
186009,3,0
187000,5,0
187001,3,3
187002,9,5
187003,1,0
187004,4,0
187005,9,0
187006,3,0
187007,8,4
187008,5,0
187009,0,4
188000,5,0
188001,3,0
188002,5,0
188003,3,0
188004,6,2
188005,7,0
188006,6,0
188007,6,0
188008,3,5
188009,8,0
189000,0,0
189001,7,0
189002,4,0
189003,7,0
189004,10,0
189005,4,1
189006,10,0
189007,4,0
189008,1,0
189009,7,1
190000,7,0
190001,5,5
190002,0,0
190003,5,0
190004,4,0
190005,1,0
190006,9,0
190007,3,0
190008,2,0
190009,5,0
191000,1,0
191001,4,0
191002,7,0
191003,0,1
191004,10,0
191005,4,0
191006,0,2
191007,2,0
191008,0,0
191009,8,0
192000,6,0
192001,3,0
192002,5,0
192003,0,0
192004,6,0
192005,6,0
192006,3,0
192007,6,0
192008,0,0
192009,3,0
193000,7,0
193001,7,0
193002,4,0
193003,10,3
193004,10,4
193005,2,1
193006,6,0
193007,6,5
193008,6,0
193009,8,2
194000,9,0
194001,8,0
194002,8,0
194003,5,0
194004,3,2
194005,1,1
194006,1,0
194007,2,0
194008,2,0
194009,4,0
195000,6,4
195001,5,0
195002,7,0
195003,10,0
195004,2,4
195005,9,0
195006,0,0
195007,4,0
195008,2,0
195009,0,0
196000,3,0
196001,2,0
196002,6,0
196003,9,0
196004,2,0
196005,10,0
196006,7,0
196007,9,0
196008,7,3
196009,2,0
197000,4,0
197001,9,4
197002,8,0
197003,2,0
197004,9,0
197005,0,0
197006,10,0
197007,2,0
197008,10,0
197009,0,0
198000,2,2
198001,9,0
198002,0,0
198003,3,0
198004,2,5
198005,6,0
198006,1,0
198007,2,0
198008,10,0
198009,10,0
199000,6,0
199001,8,0
199002,7,0
199003,8,0
199004,2,0
199005,10,0
199006,6,0
199007,9,0
199008,1,0
199009,1,0
200000,9,0
200001,9,1
200002,0,0
200003,8,0
200004,5,0
200005,8,0
200006,7,4
200007,2,1
200008,9,0
200009,0,0
201000,8,0
201001,5,2
201002,0,0
201003,8,0
201004,10,0
201005,4,5
201006,7,0
201007,8,0
201008,5,0
201009,2,0
202000,8,0
202001,7,0
202002,2,3
202003,5,0
202004,9,0
202005,8,0
202006,6,0
202007,2,1
202008,7,1
202009,4,0
203000,9,0
203001,1,0
203002,9,0
203003,4,0
203004,9,0
203005,3,0
203006,10,0
203007,2,4
203008,9,0
203009,7,0
204000,10,0
204001,7,0
204002,8,0
204003,5,4
204004,8,4
204005,4,0
204006,8,0
204007,8,5
204008,2,0
204009,7,0
205000,9,2
205001,10,0
205002,8,0
205003,9,0
205004,5,0
205005,6,0
205006,7,0
205007,9,0
205008,10,0
205009,8,0
206000,9,0
206001,10,0
206002,1,0
206003,9,0
206004,6,4
206005,5,1
206006,4,3
206007,9,0
206008,6,0
206009,0,0
207000,2,1
207001,0,2
207002,9,0
207003,6,0
207004,6,2
207005,6,0
207006,5,3
207007,0,0
207008,8,0
207009,4,0
208000,6,0
208001,6,0
208002,2,0
208003,3,0
208004,5,2
208005,8,0
208006,2,4
208007,3,0
208008,1,0
208009,9,1
209000,1,0
209001,8,0
209002,2,0
209003,6,0
209004,7,0
209005,6,0
209006,4,0
209007,8,2
209008,4,0
209009,1,0
210000,6,0
210001,5,0
210002,6,0
210003,10,0
210004,6,2
210005,5,0
210006,9,0
210007,6,0
210008,10,0
210009,1,0
211000,1,0
211001,5,0
211002,10,2
211003,5,0
211004,1,4
211005,2,0
211006,5,0
211007,0,0
211008,9,0
211009,8,0
212000,5,0
212001,6,3
212002,4,0
212003,5,0
212004,2,0
212005,4,3
212006,3,0
212007,2,0
212008,0,0
212009,6,0
213000,5,0
213001,9,0
213002,1,0
213003,6,3
213004,3,0
213005,1,0
213006,7,2
213007,10,0
213008,5,3
213009,6,0
214000,4,0
214001,0,0
214002,0,0
214003,6,0
214004,1,5
214005,9,0
214006,5,4
214007,3,0
214008,7,0
214009,8,0
215000,0,0
215001,8,0
215002,9,0
215003,10,0
215004,3,5
215005,8,0
215006,2,0
215007,1,0
215008,9,1
215009,4,0
216000,9,2
216001,2,1
216002,7,0
216003,6,0
216004,8,0
216005,9,3
216006,9,0
216007,0,0
216008,1,0
216009,4,0
217000,8,0
217001,2,0
217002,4,0
217003,2,0
217004,8,0
217005,7,1
217006,0,0
217007,1,0
217008,5,1
217009,1,0
218000,1,0
218001,10,0
218002,0,0
218003,9,0
218004,7,0
218005,4,0
218006,5,0
218007,0,0
218008,1,0
218009,3,0
219000,0,4
219001,8,5
219002,1,0
219003,9,0
219004,6,0
219005,7,0
219006,6,2
219007,5,0
219008,0,0
219009,5,0
220000,5,0
220001,7,4
220002,6,0
220003,1,0
220004,10,5
220005,1,0
220006,10,0
220007,0,0
220008,4,0
220009,4,0
221000,0,0
221001,0,0
221002,9,1
221003,10,0
221004,9,0
221005,0,0
221006,3,0
221007,1,1
221008,7,0
221009,2,2
222000,3,0
222001,3,0
222002,0,0
222003,0,0
222004,0,0
222005,9,0
222006,5,4
222007,0,0
222008,6,4
222009,5,0
223000,10,0
223001,5,0
223002,7,0
223003,9,5
223004,4,1
223005,6,0
223006,10,3
223007,0,0
223008,9,0
223009,8,0
224000,8,2
224001,5,4
224002,3,0
224003,0,0
224004,9,0
224005,1,0
224006,8,0
224007,1,0
224008,6,3
224009,9,0
225000,9,0
225001,1,0
225002,7,0
225003,8,0
225004,6,0
225005,8,0
225006,1,3
225007,5,0
225008,4,0
225009,6,2
226000,4,4
226001,8,0
226002,0,0
226003,5,2
226004,10,0
226005,3,0
226006,4,0
226007,4,0
226008,6,0
226009,0,2
227000,10,0
227001,2,0
227002,9,0
227003,4,0
227004,8,0
227005,9,0
227006,6,0
227007,9,2
227008,10,0
227009,4,0
228000,0,4
228001,9,4
228002,4,0
228003,8,0
228004,9,0
228005,9,0
228006,10,2
228007,9,0
228008,5,2
228009,3,0
229000,7,3
229001,5,0
229002,1,0
229003,4,5
229004,10,0
229005,0,0
229006,10,0
229007,5,0
229008,0,0
229009,0,0
230000,6,0
230001,1,1
230002,10,0
230003,4,0
230004,2,0
230005,0,3
230006,2,0
230007,4,0
230008,7,0
230009,6,0
231000,3,0
231001,6,0
231002,6,0
231003,6,0
231004,5,0
231005,6,0
231006,0,1
231007,4,0
231008,10,0
231009,2,0
232000,1,0
232001,10,0
232002,7,0
232003,0,5
232004,10,0
232005,2,0
232006,0,0
232007,0,2
232008,8,0
232009,3,1
233000,0,0
233001,9,0
233002,10,0
233003,2,0
233004,5,2
233005,0,0
233006,9,0
233007,8,0
233008,1,0
233009,0,0
234000,4,0
234001,4,0
234002,4,0
234003,7,0
234004,2,0
234005,8,0
234006,1,0
234007,0,0
234008,2,0
234009,9,0
235000,1,3
235001,3,0
235002,3,3
235003,6,5
235004,8,3
235005,3,0
235006,4,0
235007,4,0
235008,4,0
235009,2,0
236000,6,0
236001,1,1
236002,3,5
236003,0,0
236004,0,0
236005,1,0
236006,6,0
236007,7,0
236008,1,1
236009,9,0
237000,5,0
237001,9,0
237002,1,0
237003,6,0
237004,1,4
237005,10,0
237006,0,0
237007,9,0
237008,6,3
237009,3,0
238000,10,0
238001,9,0
238002,7,0
238003,10,0
238004,5,1
238005,10,0
238006,5,0
238007,5,0
238008,1,0
238009,4,5
239000,8,3
239001,0,0
239002,0,3
239003,2,0
239004,10,0
239005,0,0
239006,3,0
239007,4,0
239008,7,0
239009,2,0
240000,5,0
240001,7,1
240002,4,0
240003,1,0
240004,10,0
240005,3,0
240006,6,0
240007,10,1
240008,5,0
240009,9,0
241000,6,0
241001,10,0
241002,6,0
241003,0,0
241004,6,0
241005,4,0
241006,3,0
241007,2,0
241008,6,0
241009,9,0
242000,9,0
242001,9,0
242002,6,0
242003,7,1
242004,6,0
242005,2,0
242006,0,0
242007,5,0
242008,1,0
242009,0,0
243000,1,0
243001,3,0
243002,2,0
243003,3,0
243004,10,0
243005,4,5
243006,5,0
243007,1,0
243008,2,0
243009,2,0
244000,8,2
244001,8,0
244002,5,0
244003,3,0
244004,6,0
244005,10,0
244006,7,0
244007,2,0
244008,5,0
244009,0,0
245000,3,0
245001,0,0
245002,8,1
245003,5,0
245004,9,0
245005,6,3
245006,4,0
245007,3,0
245008,9,0
245009,7,0
246000,8,3
246001,5,0
246002,10,0
246003,0,0
246004,0,0
246005,7,0
246006,9,5
246007,7,0
246008,9,0
246009,3,1
247000,7,1
247001,5,0
247002,5,0
247003,10,0
247004,5,0
247005,3,0
247006,0,0
247007,0,0
247008,1,0
247009,3,0
248000,7,0
248001,6,4
248002,5,0
248003,8,0
248004,0,0
248005,5,0
248006,1,1
248007,10,0
248008,10,0
248009,3,3
249000,3,0
249001,7,0
249002,1,5
249003,6,1
249004,2,0
249005,0,0
249006,10,0
249007,3,0
249008,1,0
249009,10,0
250000,3,0
250001,9,0
250002,0,0
250003,2,0
250004,10,0
250005,10,0
250006,6,0
250007,5,0
250008,5,0
250009,4,0
251000,2,0
251001,1,0
251002,1,0
251003,2,0
251004,9,3
251005,1,0
251006,9,0
251007,8,0
251008,4,0
251009,2,0
252000,9,1
252001,6,0
252002,2,0
252003,0,3
252004,7,0
252005,6,0
252006,3,4
252007,6,0
252008,9,0
252009,10,0
253000,8,0
253001,2,1
253002,1,0
253003,10,0
253004,7,0
253005,4,0
253006,8,3
253007,9,0
253008,1,3
253009,9,3
254000,6,0
254001,2,0
254002,2,0
254003,2,3
254004,0,0
254005,1,0
254006,3,0
254007,7,3
254008,9,0
254009,2,0
255000,5,0
255001,0,0
255002,1,0
255003,8,0
255004,9,2
255005,1,5
255006,2,0
255007,8,3
255008,6,0
255009,3,5
256000,3,1
256001,6,0
256002,9,0
256003,7,0
256004,7,0
256005,3,1
256006,0,4
256007,7,0
256008,2,0
256009,10,4
257000,7,0
257001,4,4
257002,6,0
257003,0,3
257004,9,0
257005,9,1
257006,1,0
257007,4,1
257008,2,0
257009,1,0
258000,8,0
258001,1,0
258002,8,1
258003,8,0
258004,6,0
258005,1,0
258006,6,0
258007,7,0
258008,9,0
258009,0,0
259000,2,0
259001,4,0
259002,10,0
259003,0,0
259004,10,0
259005,3,0
259006,9,0
259007,0,0
259008,6,2
259009,4,0
260000,10,0
260001,3,0
260002,1,4
260003,5,0
260004,3,5
260005,0,0
260006,7,0
260007,5,0
260008,6,0
260009,10,0
261000,5,0
261001,1,5
261002,8,0
261003,9,0
261004,4,0
261005,1,0
261006,2,0
261007,10,0
261008,5,0
261009,0,5
262000,5,0
262001,9,0
262002,4,0
262003,10,0
262004,2,0
262005,2,0
262006,10,0
262007,6,0
262008,8,0
262009,10,0
263000,0,0
263001,2,0
263002,5,0
263003,3,0
263004,0,0
263005,5,0
263006,8,3
263007,7,0
263008,9,1
263009,7,0
264000,0,0
264001,4,0
264002,10,0
264003,0,0
264004,9,0
264005,9,0
264006,4,0
264007,10,5
264008,9,0
264009,4,0
265000,1,0
265001,4,2
265002,0,0
265003,5,0
265004,0,3
265005,8,0
265006,8,5
265007,8,0
265008,8,0
265009,3,0
266000,6,0
266001,8,0
266002,3,0
266003,5,0
266004,9,0
266005,10,0
266006,3,0
266007,0,0
266008,4,0
266009,4,0
267000,1,0
267001,8,0
267002,6,1
267003,0,0
267004,2,0
267005,10,0
267006,4,2
267007,6,0
267008,8,0
267009,3,0
268000,5,0
268001,7,0
268002,7,0
268003,0,4
268004,8,0
268005,8,3
268006,9,0
268007,1,0
268008,8,0
268009,2,0
269000,2,0
269001,6,0
269002,8,0
269003,2,0
269004,0,0
269005,4,0
269006,6,4
269007,8,0
269008,6,2
269009,6,0
270000,8,0
270001,6,0
270002,7,0
270003,7,0
270004,2,5
270005,0,0
270006,6,0
270007,10,2
270008,10,3
270009,7,4
271000,7,0
271001,2,0
271002,4,0
271003,0,4
271004,1,0
271005,9,0
271006,9,0
271007,7,0
271008,9,0
271009,4,1
272000,8,2
272001,10,4
272002,4,5
272003,1,0
272004,1,0
272005,8,0
272006,7,2
272007,7,0
272008,3,0
272009,9,0
273000,3,0
273001,9,0
273002,9,0
273003,2,0
273004,8,0
273005,5,0
273006,4,2
273007,4,0
273008,6,1
273009,4,0
274000,6,2
274001,5,4
274002,3,0
274003,7,1
274004,4,0
274005,6,0
274006,4,0
274007,5,0
274008,1,0
274009,3,0
275000,1,0
275001,10,0
275002,3,0
275003,8,0
275004,3,0
275005,8,0
275006,3,0
275007,7,0
275008,2,0
275009,10,0
276000,0,0
276001,5,0
276002,1,0
276003,6,0
276004,5,0
276005,7,4
276006,9,0
276007,1,0
276008,10,2
276009,7,0
277000,6,0
277001,7,0
277002,9,0
277003,2,1
277004,1,5
277005,6,0
277006,8,0
277007,3,0
277008,0,0
277009,7,0
278000,9,0
278001,5,2
278002,4,5
278003,8,0
278004,0,0
278005,0,0
278006,9,4
278007,6,0
278008,2,0
278009,4,0
279000,6,0
279001,9,0
279002,1,2
279003,8,0
279004,9,0
279005,9,0
279006,3,4
279007,6,0
279008,6,0
279009,2,3
280000,0,0
280001,9,0
280002,10,1
280003,4,0
280004,2,0
280005,5,5
280006,10,0
280007,9,0
280008,1,0
280009,8,2
281000,5,0
281001,10,0
281002,10,0
281003,9,2
281004,10,0
281005,4,0
281006,1,0
281007,5,0
281008,3,0
281009,8,5
282000,9,0
282001,3,0
282002,2,3
282003,7,0
282004,1,0
282005,2,0
282006,7,3
282007,9,4
282008,8,0
282009,5,0
283000,5,0
283001,6,0
283002,3,0
283003,3,0
283004,0,0
283005,0,0
283006,6,2
283007,2,1
283008,0,0
283009,6,5
284000,10,0
284001,4,5
284002,1,0
284003,1,0
284004,3,5
284005,1,0
284006,1,0
284007,0,2
284008,0,0
284009,2,0
285000,9,0
285001,0,0
285002,10,4
285003,2,0
285004,6,5
285005,8,0
285006,0,0
285007,5,5
285008,0,0
285009,2,0
286000,9,0
286001,6,0
286002,1,0
286003,0,1
286004,1,0
286005,1,0
286006,10,0
286007,4,0
286008,4,2
286009,9,0
287000,0,0
287001,9,0
287002,5,0
287003,6,0
287004,7,3
287005,9,0
287006,3,0
287007,6,0
287008,10,0
287009,5,4
288000,0,0
288001,10,1
288002,1,4
288003,6,1
288004,3,0
288005,10,0
288006,6,0
288007,3,2
288008,5,5
288009,1,0
289000,4,0
289001,6,0
289002,5,0
289003,9,3
289004,6,0
289005,2,0
289006,5,3
289007,7,0
289008,5,0
289009,4,1
290000,5,0
290001,0,0
290002,0,0
290003,2,2
290004,7,0
290005,4,0
290006,7,0
290007,6,0
290008,1,0
290009,3,0
291000,10,0
291001,7,0
291002,4,0
291003,1,4
291004,2,0
291005,3,0
291006,8,0
291007,8,0
291008,4,0
291009,2,0
292000,4,5
292001,4,2
292002,3,0
292003,7,0
292004,7,0
292005,3,1
292006,6,0
292007,9,4
292008,5,0
292009,2,3
293000,8,0
293001,2,0
293002,0,2
293003,7,0
293004,4,0
293005,5,0
293006,7,0
293007,8,3
293008,5,0
293009,4,2
294000,5,3
294001,1,0
294002,1,0
294003,2,1
294004,2,0
294005,9,0
294006,7,0
294007,8,0
294008,6,0
294009,1,0
295000,7,0
295001,5,0
295002,8,0
295003,8,0
295004,6,0
295005,7,0
295006,2,2
295007,3,0
295008,10,0
295009,0,0
296000,2,0
296001,7,0
296002,6,0
296003,9,0
296004,8,0
296005,8,0
296006,9,0
296007,6,3
296008,9,0
296009,3,0
297000,0,0
297001,6,0
297002,7,0
297003,1,0
297004,0,0
297005,9,3
297006,2,0
297007,2,0
297008,0,0
297009,9,0
298000,2,0
298001,0,0
298002,7,0
298003,7,0
298004,9,0
298005,5,0
298006,9,0
298007,3,0
298008,7,0
298009,1,0
299000,5,0
299001,1,2
299002,9,2
299003,2,0
299004,10,0
299005,3,0
299006,6,0
299007,10,0
299008,0,0
299009,5,0
300000,4,5
300001,8,3
300002,1,3
300003,8,5
300004,8,0
300005,6,0
300006,9,4
300007,7,3
300008,7,0
300009,3,1
301000,2,5
301001,9,1
301002,5,0
301003,2,0
301004,8,0
301005,1,0
301006,9,0
301007,5,0
301008,8,0
301009,8,0
302000,3,0
302001,9,0
302002,7,5
302003,10,0
302004,4,3
302005,9,4
302006,8,4
302007,1,0
302008,7,0
302009,5,0
303000,0,0
303001,10,0
303002,2,0
303003,7,2
303004,8,0
303005,7,0
303006,1,0
303007,6,0
303008,1,0
303009,5,0
304000,9,0
304001,3,5
304002,3,0
304003,0,0
304004,9,0
304005,10,0
304006,4,2
304007,8,0
304008,2,0
304009,8,0
305000,0,0
305001,7,0
305002,0,0
305003,4,0
305004,10,0
305005,1,0
305006,1,0
305007,6,0
305008,2,0
305009,5,0
306000,9,4
306001,10,0
306002,4,0
306003,10,0
306004,3,0
306005,3,0
306006,1,0
306007,5,3
306008,4,0
306009,2,0
307000,0,0
307001,1,4
307002,9,2
307003,5,1
307004,6,1
307005,1,0
307006,1,0
307007,2,0
307008,2,0
307009,10,0
308000,9,0
308001,2,0
308002,1,0
308003,5,0
308004,7,0
308005,3,0
308006,10,3
308007,6,0
308008,4,0
308009,7,2
309000,7,0
309001,6,1
309002,0,0
309003,9,5
309004,10,0
309005,3,1
309006,7,0
309007,3,0
309008,1,0
309009,1,0
310000,2,0
310001,4,0
310002,9,3
310003,6,5
310004,1,0
310005,5,0
310006,1,0
310007,4,0
310008,3,0
310009,7,0
311000,3,0
311001,3,0
311002,1,0
311003,6,0
311004,3,0
311005,9,0
311006,5,2
311007,1,0
311008,6,2
311009,7,0
312000,10,0
312001,1,0
312002,6,3
312003,7,0
312004,10,0
312005,0,3
312006,9,2
312007,2,0
312008,3,0
312009,7,0
313000,2,0
313001,5,0
313002,10,2
313003,0,0
313004,1,0
313005,9,0
313006,3,0
313007,9,0
313008,4,0
313009,9,1
314000,7,5
314001,5,0
314002,10,0
314003,4,0
314004,0,0
314005,1,0
314006,4,0
314007,3,0
314008,0,1
314009,7,0
315000,10,0
315001,6,0
315002,5,1
315003,4,0
315004,3,0
315005,10,1
315006,0,5
315007,8,0
315008,2,0
315009,3,0
316000,9,0
316001,4,0
316002,3,2
316003,10,0
316004,2,0
316005,6,0
316006,5,3
316007,0,0
316008,8,0
316009,4,0
317000,6,0
317001,10,0
317002,8,0
317003,2,0
317004,0,0
317005,5,0
317006,9,0
317007,1,0
317008,9,3
317009,6,0
318000,10,0
318001,2,1
318002,5,0
318003,4,0
318004,1,3
318005,6,0
318006,10,2
318007,10,0
318008,2,2
318009,10,0
319000,5,0
319001,2,0
319002,4,0
319003,5,0
319004,8,2
319005,3,4
319006,10,0
319007,6,5
319008,9,0
319009,1,3
320000,7,0
320001,5,0
320002,5,0
320003,0,0
320004,9,0
320005,10,0
320006,6,0
320007,1,0
320008,4,0
320009,3,0
321000,0,0
321001,3,0
321002,1,0
321003,8,0
321004,9,2
321005,10,0
321006,7,0
321007,3,0
321008,8,0
321009,5,5
322000,2,0
322001,1,0
322002,9,0
322003,1,0
322004,0,0
322005,2,0
322006,3,0
322007,4,0
322008,4,1
322009,1,0
323000,4,3
323001,2,0
323002,1,0
323003,4,0
323004,5,0
323005,1,0
323006,4,0
323007,5,0
323008,9,0
323009,2,0
324000,0,0
324001,0,0
324002,4,0
324003,6,0
324004,1,0
324005,8,0
324006,1,0
324007,0,2
324008,3,3
324009,5,0
325000,3,0
325001,2,0
325002,9,0
325003,1,0
325004,1,0
325005,7,0
325006,10,0
325007,5,0
325008,10,0
325009,2,0
326000,10,3
326001,10,0
326002,3,0
326003,5,0
326004,7,0
326005,0,0
326006,2,0
326007,2,0
326008,2,0
326009,0,0
327000,3,0
327001,2,0
327002,5,0
327003,2,0
327004,9,0
327005,8,2
327006,6,0
327007,2,0
327008,3,0
327009,2,5
328000,10,0
328001,8,0
328002,5,0
328003,0,0
328004,8,0
328005,2,0
328006,2,0
328007,0,0
328008,1,0
328009,8,0
329000,3,0
329001,9,5
329002,0,0
329003,4,3
329004,8,2
329005,7,3
329006,5,0
329007,8,0
329008,3,0
329009,3,0
330000,5,4
330001,6,0
330002,9,0
330003,6,4
330004,9,0
330005,4,4
330006,8,0
330007,6,0
330008,10,0
330009,4,0
331000,2,0
331001,8,0
331002,10,4
331003,8,0
331004,6,3
331005,0,0
331006,5,0
331007,3,0
331008,1,0
331009,0,2
332000,5,2
332001,4,0
332002,5,5
332003,2,0
332004,8,1
332005,6,0
332006,0,0
332007,6,0
332008,9,0
332009,10,0
333000,6,4
333001,10,0
333002,3,0
333003,0,0
333004,9,0
333005,3,0
333006,2,0
333007,8,0
333008,8,0
333009,9,0
334000,3,0
334001,7,0
334002,9,0
334003,7,0
334004,1,1
334005,8,0
334006,4,0
334007,0,1
334008,8,0
334009,0,0
335000,10,0
335001,5,0
335002,4,1
335003,5,0
335004,7,0
335005,10,5
335006,8,0
335007,7,4
335008,8,0
335009,0,0
336000,8,0
336001,7,0
336002,0,0
336003,6,0
336004,3,0
336005,7,0
336006,5,0
336007,7,0
336008,2,0
336009,0,0
337000,2,0
337001,6,0
337002,3,0
337003,8,0
337004,0,3
337005,6,0
337006,5,0
337007,7,0
337008,9,0
337009,9,0
338000,4,0
338001,10,0
338002,1,0
338003,8,0
338004,10,0
338005,4,4
338006,5,0
338007,7,0
338008,0,0
338009,0,2
339000,2,0
339001,5,0
339002,5,2
339003,5,0
339004,0,5
339005,6,0
339006,8,0
339007,5,0
339008,3,0
339009,9,0
340000,6,0
340001,0,0
340002,8,0
340003,0,3
340004,7,5
340005,8,0
340006,8,5
340007,8,1
340008,3,3
340009,7,0
341000,0,0
341001,0,3
341002,5,2
341003,0,0
341004,1,0
341005,2,0
341006,10,0
341007,8,0
341008,0,0
341009,3,0
342000,4,0
342001,10,0
342002,6,0
342003,1,0
342004,0,0
342005,0,4
342006,6,0
342007,7,0
342008,5,0
342009,8,0
343000,8,0
343001,5,0
343002,3,0
343003,7,0
343004,8,0
343005,9,0
343006,0,0
343007,10,0
343008,9,0
343009,2,0
344000,0,0
344001,2,2
344002,9,0
344003,6,1
344004,4,0
344005,4,5
344006,4,0
344007,3,0
344008,4,0
344009,2,5
345000,6,0
345001,9,2
345002,7,0
345003,6,5
345004,5,5
345005,6,0
345006,8,0
345007,7,0
345008,5,2
345009,4,0
346000,5,0
346001,10,4
346002,4,0
346003,5,0
346004,6,0
346005,5,4
346006,6,0
346007,9,0
346008,5,0
346009,9,0
347000,5,0
347001,6,1
347002,1,0
347003,4,0
347004,5,1
347005,2,0
347006,3,0
347007,6,1
347008,8,0
347009,2,0
348000,9,0
348001,0,0
348002,0,0
348003,5,4
348004,9,0
348005,9,0
348006,10,0
348007,10,0
348008,10,3
348009,10,0
349000,7,1
349001,10,0
349002,0,0
349003,7,0
349004,5,3
349005,5,0
349006,1,0
349007,6,0
349008,10,0
349009,5,0
350000,8,0
350001,10,2
350002,6,0
350003,6,0
350004,8,0
350005,5,0
350006,4,0
350007,6,0
350008,2,5
350009,9,0
351000,2,4
351001,10,0
351002,5,4
351003,5,0
351004,10,0
351005,8,0
351006,8,0
351007,2,4
351008,9,1
351009,4,5
352000,1,0
352001,5,0
352002,5,2
352003,0,0
352004,4,0
352005,6,4
352006,10,0
352007,8,4
352008,7,0
352009,2,0
353000,5,0
353001,7,0
353002,6,0
353003,5,0
353004,5,0
353005,3,0
353006,7,0
353007,4,1
353008,6,0
353009,10,0
354000,9,2
354001,3,0
354002,4,0
354003,2,0
354004,6,0
354005,4,1
354006,4,0
354007,4,0
354008,3,0
354009,7,0
355000,0,4
355001,6,0
355002,2,0
355003,0,1
355004,9,0
355005,7,3
355006,5,0
355007,4,0
355008,0,0
355009,6,0
356000,4,0
356001,9,0
356002,1,0
356003,10,0
356004,3,2
356005,5,0
356006,7,1
356007,9,3
356008,9,0
356009,7,0
357000,10,2
357001,8,0
357002,8,0
357003,8,0
357004,3,0
357005,8,2
357006,5,0
357007,3,0
357008,8,0
357009,9,0
358000,8,0
358001,1,0
358002,3,3
358003,8,0
358004,1,0
358005,0,0
358006,4,0
358007,0,0
358008,3,0
358009,0,0
359000,6,0
359001,0,0
359002,7,0
359003,2,0
359004,9,0
359005,7,0
359006,6,1
359007,6,0
359008,10,0
359009,1,0
360000,5,2
360001,6,0
360002,9,0
360003,3,0
360004,4,0
360005,5,0
360006,2,0
360007,0,0
360008,1,0
360009,4,0
361000,3,2
361001,2,0
361002,1,0
361003,7,2
361004,3,4
361005,6,0
361006,7,2
361007,8,0
361008,7,0
361009,1,0
362000,0,0
362001,1,0
362002,10,5
362003,4,2
362004,9,0
362005,2,0
362006,10,0
362007,5,1
362008,2,0
362009,8,4
363000,4,0
363001,3,0
363002,0,0
363003,10,0
363004,6,0
363005,7,0
363006,4,2
363007,4,0
363008,1,0
363009,0,0
364000,9,0
364001,8,0
364002,4,2
364003,5,0
364004,3,0
364005,8,0
364006,6,0
364007,5,0
364008,7,0
364009,7,0
365000,2,4
365001,8,4
365002,7,0
365003,7,0
365004,1,0
365005,1,0
365006,2,0
365007,6,0
365008,1,0
365009,10,0
366000,2,0
366001,5,0
366002,7,0
366003,9,0
366004,10,0
366005,3,0
366006,4,0
366007,9,5
366008,2,0
366009,2,0
367000,8,0
367001,3,0
367002,6,0
367003,10,2
367004,10,4
367005,10,0
367006,7,0
367007,10,0
367008,6,0
367009,5,0
368000,4,0
368001,5,1
368002,7,0
368003,8,5
368004,6,0
368005,1,0
368006,8,3
368007,0,0
368008,3,0
368009,10,1
369000,7,5
369001,7,0
369002,0,0
369003,5,2
369004,1,0
369005,8,0
369006,6,3
369007,3,0
369008,4,0
369009,3,0
