fd_id,family_time,work_time,friends_time,productive_time,relaxing_time
5000,0,7,2,4,0
5001,0,0,1,3,3
5002,4,0,2,4,1
5003,0,0,2,2,0
5004,0,0,2,1,2
5005,3,0,0,3,0
5006,0,0,2,1,3
5007,4,0,2,4,1
5008,0,0,2,3,3
5009,2,0,2,1,1
6000,0,0,0,0,4
6001,0,0,1,1,4
6002,0,0,1,1,4
6003,1,0,2,4,0
6004,0,0,1,3,2
6005,4,0,2,1,4
6006,0,0,0,3,1
6007,0,8,2,0,2
6008,0,7,2,4,1
6009,0,0,2,2,4
7000,0,0,0,3,4
7001,0,7,0,3,3
7002,2,0,2,3,1
7003,0,10,1,0,2
7004,0,7,1,0,2
7005,0,0,0,0,1
7006,0,0,0,1,3
7007,0,0,1,2,1
7008,4,6,1,2,0
7009,2,0,2,4,2
8000,3,0,1,4,2
8001,0,0,0,0,3
8002,0,0,2,3,3
8003,4,7,0,2,1
8004,0,0,1,4,0
8005,0,0,2,2,0
8006,0,0,2,0,2
8007,0,0,0,0,0
8008,0,0,0,3,0
8009,0,0,0,3,1
9000,0,0,0,3,4
9001,0,0,0,2,0
9002,3,0,0,1,0
9003,0,0,1,3,2
9004,0,0,0,0,2
9005,0,0,2,0,1
9006,0,0,0,1,1
9007,0,0,0,4,1
9008,0,0,0,1,2
9009,0,0,1,1,2
10000,0,0,2,3,4
10001,0,7,1,2,1
10002,0,0,0,4,2
10003,0,8,1,0,0
10004,0,0,1,4,2
10005,0,0,2,1,2
10006,0,0,2,1,4
10007,0,0,0,3,0
10008,2,0,0,0,2
10009,0,7,2,0,3
11000,0,7,0,4,2
11001,0,0,1,2,2
11002,0,0,2,3,2
11003,0,0,1,3,3
11004,0,0,2,4,2
11005,0,0,2,0,1
11006,0,7,0,3,2
11007,0,0,2,0,0
11008,0,0,2,2,3
11009,2,0,1,3,1
12000,0,0,2,1,0
12001,0,0,0,4,1
12002,0,0,0,2,3
12003,0,0,1,2,0
12004,0,0,2,0,2
12005,0,6,2,1,3
12006,0,0,2,2,2
12007,0,0,2,4,2
12008,0,0,1,0,0
12009,0,9,1,2,1
13000,0,0,0,4,4
13001,0,0,1,2,1
13002,0,0,1,1,0
13003,0,10,2,0,2
13004,0,0,2,2,4
13005,1,8,0,2,3
13006,0,9,2,0,0
13007,0,10,0,4,0
13008,0,0,0,4,0
13009,0,0,2,2,0
14000,0,0,2,4,0
14001,0,0,1,3,2
14002,0,0,0,0,0
14003,0,10,0,1,0
14004,0,0,0,3,2
14005,0,10,2,1,0
14006,0,0,0,4,4
14007,3,0,1,3,0
14008,0,0,0,3,1
14009,0,0,0,1,3
15000,4,6,2,0,0
15001,0,0,2,2,1
15002,2,0,2,0,3
15003,0,0,2,2,0
15004,0,10,2,1,0
15005,0,7,1,4,1
15006,0,0,2,3,2
15007,4,0,2,0,1
15008,0,0,2,4,3
15009,0,9,0,4,0
16000,0,0,1,4,2
16001,2,0,0,4,2
16002,0,0,2,0,1
16003,0,0,0,4,2
16004,0,10,2,0,0
16005,1,0,1,3,0
16006,0,0,2,2,3
16007,0,0,2,3,2
16008,0,0,1,0,3
16009,0,0,2,4,3
17000,2,0,1,3,3
17001,0,7,1,2,2
17002,4,10,0,0,0
17003,1,0,0,4,4
17004,0,0,2,2,3
17005,0,0,1,3,4
17006,0,0,1,3,1
17007,0,0,0,2,1
17008,0,6,2,2,2
17009,0,7,0,3,4
18000,0,9,2,2,1
18001,0,0,1,2,3
18002,3,0,2,2,3
18003,0,6,0,3,3
18004,0,0,1,4,3
18005,0,0,2,2,2
18006,0,0,1,1,4
18007,0,0,2,2,0
18008,0,0,1,3,4
18009,0,0,0,3,0
19000,0,9,1,0,2
19001,0,0,1,3,2
19002,0,0,2,1,1
19003,0,10,1,1,2
19004,0,0,2,1,0
19005,0,0,2,2,1
19006,0,6,1,2,3
19007,0,0,2,3,1
19008,0,0,1,3,4
19009,0,0,2,1,2
20000,3,8,0,0,2
20001,0,0,2,2,0
20002,1,0,2,1,4
20003,3,0,1,2,2
20004,1,9,2,1,1
20005,0,6,0,3,2
20006,0,8,2,0,0
20007,0,9,2,3,0
20008,0,0,0,1,4
20009,0,0,1,2,0
21000,0,0,2,4,3
21001,0,0,0,1,4
21002,3,0,2,4,1
21003,0,0,1,0,1
21004,0,0,1,2,3
21005,0,0,1,2,4
21006,2,8,1,1,0
21007,0,0,1,4,0
21008,4,0,0,1,1
21009,0,0,0,3,2
22000,0,9,1,1,0
22001,0,0,2,4,3
22002,0,0,1,3,4
22003,0,0,0,2,1
22004,0,0,0,1,2
22005,0,10,0,4,0
22006,0,0,2,1,2
22007,0,0,2,4,4
22008,0,7,0,2,0
22009,0,0,1,4,2
23000,0,9,1,1,2
23001,0,0,2,0,4
23002,0,6,2,0,4
23003,0,0,0,1,1
23004,0,7,1,2,3
23005,0,0,2,2,1
23006,4,0,1,1,0
23007,0,0,0,3,3
23008,0,10,0,4,0
23009,0,0,1,3,1
24000,4,7,0,3,0
24001,0,8,1,4,1
24002,0,0,1,3,3
24003,0,0,2,0,1
24004,1,0,0,4,0
24005,0,0,1,2,0
24006,0,0,0,1,3
24007,0,0,0,4,3
24008,0,0,1,3,0
24009,0,0,2,1,0
25000,0,0,2,0,0
25001,0,6,0,2,0
25002,0,0,2,4,3
25003,0,0,2,3,2
25004,0,0,0,2,1
25005,4,0,2,1,2
25006,0,0,2,3,0
25007,0,0,2,4,1
25008,0,0,0,1,4
25009,0,0,1,0,4
26000,0,0,0,3,0
26001,0,0,0,2,0
26002,0,0,0,3,1
26003,0,0,0,3,0
26004,1,0,1,1,4
26005,0,0,2,1,2
26006,0,0,1,4,2
26007,0,0,2,2,4
26008,0,10,2,0,1
26009,2,0,2,1,0
27000,0,8,1,1,2
27001,0,8,2,3,0
27002,0,0,2,2,1
27003,0,7,2,2,2
27004,4,0,0,1,1
27005,0,0,1,2,1
27006,0,0,0,1,1
27007,0,6,0,2,1
27008,0,0,2,4,4
27009,0,10,1,0,2
28000,0,0,2,1,2
28001,0,0,1,1,0
28002,0,6,0,0,4
28003,0,9,0,3,2
28004,0,0,0,1,2
28005,0,0,0,3,1
28006,0,0,0,2,0
28007,4,0,2,3,3
28008,0,0,2,0,0
28009,4,0,1,1,1
29000,4,0,0,1,1
29001,0,0,2,2,3
29002,0,8,0,1,3
29003,0,0,2,2,4
29004,0,0,0,4,1
29005,3,0,1,0,0
29006,0,0,2,2,1
29007,0,0,2,2,3
29008,0,0,0,4,1
29009,0,8,2,1,2
30000,0,0,0,0,0
30001,0,0,1,3,4
30002,0,8,0,1,4
30003,0,0,2,4,2
30004,0,7,0,1,1
30005,4,7,2,0,0
30006,0,0,2,2,0
30007,0,0,2,4,1
30008,0,0,0,0,0
30009,0,0,1,2,4
31000,0,7,1,0,3
31001,0,0,1,2,1
31002,0,0,1,4,0
31003,0,0,0,1,1
31004,0,0,2,3,0
31005,0,10,0,1,2
31006,0,0,0,3,3
31007,1,0,1,0,4
31008,0,0,0,0,0
31009,0,0,1,0,3
32000,0,9,1,3,0
32001,1,0,1,4,2
32002,0,8,1,4,0
32003,0,0,1,2,1
32004,0,0,2,3,2
32005,0,0,1,3,4
32006,0,0,2,0,1
32007,0,0,1,2,3
32008,0,0,2,2,1
32009,0,0,1,0,2
33000,0,8,2,0,0
33001,2,0,0,2,1
33002,0,9,2,0,3
33003,0,0,1,1,1
33004,0,0,1,1,2
33005,0,0,2,1,0
33006,0,0,0,0,3
33007,0,0,1,2,2
33008,0,6,2,2,4
33009,0,6,0,4,3
34000,1,0,2,2,2
34001,0,0,0,0,3
34002,0,0,2,4,3
34003,0,0,1,0,2
34004,0,0,1,0,0
34005,0,0,0,4,0
34006,4,0,2,0,2
34007,0,0,0,0,3
34008,0,0,1,3,1
34009,0,0,1,4,1
35000,0,0,1,3,0
35001,0,0,2,3,1
35002,0,7,1,2,4
35003,0,0,0,3,1
35004,0,0,1,4,0
35005,0,0,0,1,4
35006,0,0,1,4,0
35007,0,0,0,4,0
35008,0,0,2,1,2
35009,0,0,2,4,1
36000,0,0,2,0,4
36001,0,0,1,2,4
36002,0,0,2,1,4
36003,3,7,1,1,1
36004,1,7,2,3,1
36005,2,0,1,0,4
36006,0,0,0,4,0
36007,0,0,1,1,4
36008,0,0,2,2,4
36009,0,0,1,3,3
37000,0,0,1,4,2
37001,0,0,2,3,0
37002,0,0,1,1,4
37003,0,0,0,4,1
37004,0,6,2,2,1
37005,0,9,2,0,2
37006,0,0,0,0,1
37007,0,0,0,4,0
37008,0,9,2,1,0
37009,4,0,1,1,3
38000,0,0,0,0,0
38001,0,10,0,2,1
38002,0,0,2,4,4
38003,0,0,1,4,4
38004,0,0,2,2,3
38005,0,0,0,4,3
38006,0,0,0,3,4
38007,0,0,1,1,2
38008,0,0,1,1,1
38009,0,6,2,4,0
39000,0,0,2,3,2
39001,0,0,0,0,3
39002,0,0,1,0,2
39003,0,0,1,0,1
39004,0,0,0,0,3
39005,0,0,0,4,0
39006,1,10,1,2,0
39007,0,0,1,2,3
39008,0,7,0,2,0
39009,0,0,1,4,1
40000,0,0,2,3,1
40001,4,0,0,2,0
40002,0,0,0,4,1
40003,0,0,1,3,0
40004,0,0,2,1,0
40005,0,0,0,0,2
40006,0,0,0,0,0
40007,0,0,0,3,2
40008,0,10,0,2,1
40009,0,0,2,4,3
41000,0,0,0,0,1
41001,0,0,1,4,4
41002,0,0,0,2,1
41003,0,0,2,4,0
41004,0,0,2,1,0
41005,0,0,1,4,2
41006,0,0,2,0,1
41007,3,0,1,0,4
41008,0,0,2,3,4
41009,1,0,0,1,3
42000,0,0,1,3,0
42001,0,0,1,3,1
42002,0,0,1,4,1
42003,3,10,1,0,0
42004,0,0,1,3,3
42005,0,0,0,1,4
42006,0,7,0,0,0
42007,0,0,1,1,4
42008,3,7,0,2,1
42009,0,0,2,3,0
43000,0,0,0,2,4
43001,0,0,1,0,4
43002,0,8,1,0,0
43003,0,0,0,4,1
43004,0,0,2,1,3
43005,0,8,2,4,0
43006,0,7,0,4,0
43007,0,0,2,4,2
43008,0,0,2,3,2
43009,0,0,0,0,3
44000,0,0,0,0,1
44001,0,7,0,1,2
44002,0,0,1,4,2
44003,0,7,2,4,0
44004,0,7,1,0,0
44005,0,0,0,2,3
44006,0,7,1,4,2
44007,0,0,1,2,3
44008,0,8,2,2,1
44009,0,0,2,1,2
45000,0,0,1,3,4
45001,0,0,0,4,0
45002,0,6,0,1,0
45003,1,0,1,4,0
45004,0,0,1,0,3
45005,4,0,1,3,0
45006,0,0,1,1,1
45007,0,8,0,3,1
45008,3,9,2,0,0
45009,4,0,0,2,4
46000,0,0,1,4,2
46001,0,0,2,2,4
46002,0,0,1,4,2
46003,0,0,2,0,0
46004,0,10,1,0,1
46005,3,10,0,0,0
46006,3,0,1,3,0
46007,0,0,2,3,3
46008,0,6,2,3,2
46009,0,0,2,4,3
47000,0,8,0,3,1
47001,1,0,0,3,2
47002,0,0,1,2,1
47003,0,7,2,4,0
47004,4,0,1,4,3
47005,0,0,1,4,3
47006,0,6,1,0,1
47007,0,0,2,4,3
47008,0,0,0,4,0
47009,0,0,0,0,0
48000,2,7,2,0,2
48001,0,0,1,4,0
48002,0,0,2,0,0
48003,0,0,1,2,1
48004,0,7,1,4,2
48005,0,0,2,4,4
48006,0,6,0,2,2
48007,0,7,1,4,1
48008,0,0,0,2,0
48009,0,0,2,1,2
49000,0,9,2,3,0
49001,0,0,1,0,0
49002,3,10,1,0,0
49003,0,9,0,1,4
49004,0,0,1,2,2
49005,0,0,1,4,3
49006,1,10,1,1,1
49007,0,0,0,0,2
49008,0,0,0,0,2
49009,0,0,0,1,0
50000,0,8,1,4,1
50001,0,0,2,0,0
50002,0,8,1,0,1
50003,1,0,0,0,1
50004,0,9,0,4,1
50005,0,7,0,3,3
50006,0,0,2,1,2
50007,0,0,1,3,2
50008,0,0,0,0,2
50009,0,0,0,2,2
51000,0,0,2,1,2
51001,0,0,0,4,4
51002,0,0,2,0,2
51003,0,0,1,3,3
51004,0,0,2,1,4
51005,0,0,0,0,4
51006,0,0,1,4,0
51007,0,0,2,2,4
51008,0,0,1,0,3
51009,0,0,2,0,1
52000,0,0,0,2,0
52001,0,0,1,2,3
52002,0,10,1,1,0
52003,0,0,2,4,0
52004,1,7,0,1,4
52005,1,9,0,0,4
52006,0,0,2,2,4
52007,2,9,0,0,2
52008,0,9,0,4,0
52009,0,0,1,2,1
53000,0,7,0,4,3
53001,0,0,1,0,3
53002,0,0,0,4,0
53003,0,0,1,2,0
53004,0,8,0,4,0
53005,0,0,0,4,0
53006,0,9,0,4,0
53007,0,0,0,3,2
53008,0,0,0,4,2
53009,0,0,0,3,1
54000,0,0,0,0,2
54001,0,0,0,2,1
54002,0,0,0,2,2
54003,0,8,0,2,4
54004,0,0,2,3,4
54005,0,0,1,1,2
54006,3,8,0,2,1
54007,0,0,0,4,2
54008,0,0,1,0,3
54009,0,0,0,1,1
55000,0,0,0,4,2
55001,0,7,1,1,4
55002,0,0,2,1,0
55003,0,0,2,0,4
55004,0,0,0,3,0
55005,0,0,1,1,1
55006,0,0,2,2,0
55007,0,9,0,0,2
55008,1,7,2,2,2
55009,0,0,2,1,1
56000,0,0,0,2,1
56001,0,6,1,1,4
56002,0,0,0,1,1
56003,0,0,0,0,1
56004,0,0,1,4,2
56005,0,0,1,4,3
56006,0,0,0,0,1
56007,1,0,2,4,1
56008,0,0,2,3,2
56009,0,0,2,1,4
57000,0,0,0,3,2
57001,0,0,2,3,3
57002,0,0,1,2,0
57003,0,0,0,3,1
57004,0,0,1,4,0
57005,0,0,0,3,3
57006,1,0,0,3,2
57007,0,0,0,4,3
57008,0,0,0,4,2
57009,2,0,0,3,4
58000,2,0,1,1,3
58001,0,0,2,3,2
58002,2,0,2,3,1
58003,0,9,0,4,0
58004,3,0,0,2,2
58005,0,8,2,0,4
58006,0,0,0,0,0
58007,0,0,0,3,2
58008,0,0,1,1,4
58009,1,9,1,0,0
59000,0,0,0,4,2
59001,0,8,2,3,1
59002,0,0,1,3,4
59003,0,0,0,4,2
59004,0,0,2,1,2
59005,1,7,1,3,2
59006,2,0,1,2,2
59007,0,0,1,0,0
59008,0,10,1,3,0
59009,0,0,0,0,1
60000,0,0,2,4,4
60001,0,0,1,3,2
60002,0,0,0,3,1
60003,0,0,1,3,0
60004,0,0,2,1,3
60005,0,9,1,1,1
60006,0,0,2,4,1
60007,0,6,0,0,0
60008,0,0,2,2,3
60009,0,0,1,4,1
61000,2,0,0,3,4
61001,0,0,0,0,0
61002,0,0,2,4,0
61003,0,6,2,0,3
61004,0,0,1,3,3
61005,0,6,0,4,1
61006,0,0,0,0,3
61007,0,0,2,1,0
61008,0,0,1,1,1
61009,0,7,1,4,2
62000,0,0,1,0,0
62001,0,0,2,4,4
62002,0,7,2,3,0
62003,0,6,0,4,2
62004,0,9,0,3,1
62005,0,0,1,3,0
62006,0,0,0,0,1
62007,0,10,1,3,0
62008,0,9,2,2,0
62009,0,9,0,2,1
63000,2,0,2,3,4
63001,0,0,2,3,1
63002,0,7,2,3,2
63003,0,0,2,0,2
63004,0,0,0,2,3
63005,0,0,0,3,3
63006,0,0,0,3,1
63007,0,0,2,4,4
63008,0,0,2,0,1
63009,1,0,2,3,1
64000,2,0,0,3,2
64001,0,9,0,3,2
64002,0,9,1,4,0
64003,0,8,0,2,4
64004,0,0,2,1,4
64005,0,0,2,0,3
64006,0,0,2,2,1
64007,0,0,0,3,0
64008,0,0,0,1,0
64009,0,0,1,4,2
65000,0,0,2,0,0
65001,0,7,2,4,1
65002,0,0,1,4,0
65003,0,8,0,0,0
65004,0,0,0,0,0
65005,0,0,2,2,3
65006,0,9,1,2,0
65007,0,7,0,1,1
65008,4,0,0,4,0
65009,0,0,2,3,1
66000,0,0,1,3,1
66001,4,0,0,0,4
66002,1,0,2,1,4
66003,2,9,2,0,1
66004,0,0,2,1,0
66005,0,8,2,1,2
66006,0,7,2,0,3
66007,0,0,0,3,3
66008,0,0,2,0,1
66009,0,10,1,3,0
67000,0,8,2,4,0
67001,0,6,1,3,1
67002,4,0,2,3,4
67003,0,0,2,0,1
67004,0,0,2,1,1
67005,4,8,1,1,0
67006,0,10,0,3,1
67007,3,0,2,2,4
67008,0,7,0,1,1
67009,0,0,2,2,3
68000,0,10,2,2,0
68001,0,9,0,3,1
68002,1,8,0,1,3
68003,0,0,0,4,3
68004,0,9,2,1,0
68005,0,0,0,0,2
68006,0,8,1,4,1
68007,0,0,0,1,0
68008,0,0,1,4,3
68009,0,0,2,0,0
69000,0,0,0,2,4
69001,0,6,1,1,4
69002,0,0,0,4,3
69003,1,0,0,0,2
69004,0,10,0,0,0
69005,0,9,1,0,4
69006,0,7,1,0,4
69007,0,0,1,3,2
69008,0,6,1,3,4
69009,0,8,1,2,1
70000,0,0,0,4,4
70001,2,6,2,1,3
70002,0,0,2,2,4
70003,0,0,2,4,4
70004,0,0,1,4,1
70005,0,0,0,4,4
70006,4,0,2,1,4
70007,0,0,1,3,0
70008,0,9,1,2,2
70009,0,7,2,3,2
71000,3,0,2,3,0
71001,0,0,2,2,0
71002,0,0,0,1,3
71003,3,0,1,0,0
71004,0,0,0,1,2
71005,1,0,2,4,1
71006,0,0,0,3,3
71007,0,6,2,3,0
71008,1,6,1,0,0
71009,0,0,2,1,0
72000,0,10,0,4,0
72001,0,0,2,2,4
72002,0,0,1,2,1
72003,0,0,0,1,4
72004,1,0,2,0,2
72005,0,6,1,2,3
72006,0,7,1,2,1
72007,0,6,1,1,3
72008,0,6,2,2,0
72009,0,0,2,2,0
73000,0,0,0,0,0
73001,0,8,1,2,3
73002,4,0,2,4,1
73003,1,6,2,3,1
73004,0,10,2,2,0
73005,0,0,2,3,2
73006,0,0,2,3,2
73007,0,0,1,3,2
73008,0,8,2,3,0
73009,0,0,0,3,4
74000,0,0,2,3,1
74001,0,0,2,3,2
74002,0,0,1,3,4
74003,0,0,0,3,0
74004,0,0,0,4,0
74005,0,0,1,1,4
74006,3,0,0,0,4
74007,0,0,0,4,0
74008,0,0,2,4,0
74009,0,6,0,3,3
75000,0,0,0,1,3
75001,3,7,2,2,0
75002,0,7,0,1,1
75003,0,0,0,0,3
75004,0,10,1,0,1
75005,0,0,1,2,0
75006,0,0,1,4,1
75007,0,6,0,4,2
75008,0,0,0,3,2
75009,0,8,1,2,0
76000,0,0,1,4,4
76001,0,0,1,4,4
76002,0,7,0,0,4
76003,0,0,1,1,1
76004,0,10,2,0,2
76005,0,0,1,0,1
76006,0,0,2,1,1
76007,0,6,1,2,3
76008,0,0,1,4,0
76009,0,0,0,1,0
77000,0,0,1,1,4
77001,0,0,0,0,4
77002,0,0,1,4,4
77003,0,0,1,2,4
77004,1,0,1,2,4
77005,0,7,2,2,2
77006,0,0,2,3,4
77007,0,0,0,2,3
77008,0,0,1,4,0
77009,0,8,0,2,1
78000,2,0,1,4,0
78001,0,0,1,1,4
78002,2,6,2,0,2
78003,0,0,1,4,4
78004,0,0,0,0,4
78005,0,0,1,2,2
78006,3,0,2,4,3
78007,1,0,0,0,4
78008,0,0,1,2,0
78009,0,6,2,1,4
79000,0,6,1,2,0
79001,0,7,0,1,0
79002,0,0,0,0,4
79003,2,0,0,2,0
79004,0,10,1,1,1
79005,0,9,0,4,0
79006,0,7,1,3,1
79007,4,0,1,3,1
79008,0,0,1,4,3
79009,0,7,1,1,2
80000,0,8,0,2,0
80001,0,0,2,1,2
80002,0,0,1,0,1
80003,1,0,0,4,0
80004,0,8,2,3,0
80005,4,0,1,4,2
80006,0,0,1,4,0
80007,0,0,2,3,2
80008,0,0,0,2,4
80009,0,0,1,3,4
81000,2,7,1,2,2
81001,3,0,2,2,0
81002,0,0,1,1,3
81003,0,0,2,1,4
81004,0,0,0,0,3
81005,3,0,1,3,2
81006,0,6,0,1,0
81007,0,0,2,1,3
81008,0,0,2,2,0
81009,0,8,2,0,2
82000,0,6,0,4,4
82001,0,0,1,4,1
82002,0,7,0,2,4
82003,0,8,2,0,4
82004,0,0,2,1,3
82005,0,0,0,0,3
82006,0,9,1,2,1
82007,0,7,0,2,4
82008,0,7,2,1,2
82009,0,10,0,4,0
83000,0,0,2,0,4
83001,0,0,0,1,1
83002,0,0,1,2,2
83003,0,9,0,1,1
83004,0,6,1,3,4
83005,0,10,2,1,0
83006,0,0,0,3,3
83007,0,0,0,1,0
83008,0,9,2,1,1
83009,0,0,1,3,1
84000,0,7,0,1,2
84001,0,0,0,0,2
84002,1,8,0,3,2
84003,0,8,0,1,3
84004,0,0,0,2,4
84005,0,9,0,2,3
84006,0,0,2,4,0
84007,0,0,1,2,2
84008,0,7,2,0,2
84009,1,0,1,4,3
85000,0,0,1,1,4
85001,2,10,1,1,0
85002,0,0,2,2,4
85003,0,6,2,4,1
85004,0,0,0,3,1
85005,0,0,2,0,0
85006,0,10,1,1,0
85007,0,0,2,1,3
85008,0,0,0,3,1
85009,0,0,0,1,4
86000,0,0,1,2,1
86001,0,0,0,0,0
86002,0,7,0,0,3
86003,3,0,2,3,2
86004,0,0,1,0,1
86005,0,0,1,0,1
86006,0,0,1,2,1
86007,0,6,1,2,3
86008,0,0,1,2,3
86009,0,0,0,3,3
87000,0,0,2,4,1
87001,0,8,0,1,4
87002,0,0,2,4,4
87003,0,0,2,4,2
87004,0,0,2,2,2
87005,0,0,2,2,3
87006,2,0,1,2,4
87007,0,0,2,4,4
87008,3,8,0,1,2
87009,0,0,1,2,4
88000,0,9,2,2,0
88001,0,0,2,0,0
88002,0,6,1,3,3
88003,0,0,0,0,4
88004,2,0,0,2,0
88005,0,0,0,2,3
88006,4,0,1,1,1
88007,1,10,0,0,1
88008,0,0,1,4,2
88009,0,0,2,4,2
89000,0,10,0,1,1
89001,0,0,2,0,4
89002,0,0,1,1,4
89003,3,0,0,3,2
89004,0,0,0,0,3
89005,0,0,0,3,4
89006,1,0,1,0,0
89007,0,0,0,2,4
89008,3,0,2,3,1
89009,0,0,1,1,2
90000,0,7,1,1,1
90001,0,0,2,2,0
90002,0,0,0,3,1
90003,0,0,0,4,3
90004,0,10,0,0,4
90005,1,0,0,2,1
90006,0,9,1,2,2
90007,0,0,2,4,3
90008,0,0,0,4,0
90009,0,0,1,2,4
91000,0,0,1,1,1
91001,0,0,2,2,2
91002,0,9,1,0,4
91003,0,0,0,4,2
91004,4,8,1,0,0
91005,4,6,2,1,0
91006,0,0,0,2,2
91007,0,9,0,4,0
91008,0,7,2,0,1
91009,0,0,0,3,1
92000,2,10,0,0,0
92001,0,10,2,2,0
92002,0,0,1,1,2
92003,0,8,0,3,2
92004,0,7,2,4,0
92005,0,0,1,1,4
92006,0,0,1,1,4
92007,0,0,0,0,1
92008,0,0,2,4,3
92009,4,0,1,4,0
93000,0,0,1,4,1
93001,0,0,0,2,1
93002,0,10,0,2,2
93003,1,0,2,2,1
93004,0,0,2,4,1
93005,0,0,0,1,4
93006,0,9,0,0,0
93007,0,0,2,2,1
93008,0,9,2,2,0
93009,0,0,0,0,0
94000,0,0,0,4,3
94001,0,0,1,2,2
94002,0,0,2,1,3
94003,0,0,0,0,1
94004,0,0,1,0,1
94005,1,8,1,2,1
94006,0,0,0,2,2
94007,0,0,0,2,4
94008,0,0,2,3,2
94009,1,8,2,3,0
95000,2,0,1,0,1
95001,0,0,0,0,4
95002,0,0,2,0,3
95003,0,9,2,3,0
95004,0,9,1,1,0
95005,0,0,0,4,4
95006,0,0,1,4,0
95007,1,0,1,4,1
95008,0,0,1,2,4
95009,4,8,1,1,0
96000,0,8,1,1,3
96001,0,6,2,2,1
96002,0,0,2,0,0
96003,0,0,1,1,4
96004,0,0,2,4,1
96005,0,0,0,0,1
96006,0,0,1,0,0
96007,0,0,2,0,3
96008,0,0,2,4,4
96009,0,0,0,0,4
97000,0,0,2,0,3
97001,0,0,0,4,3
97002,0,0,0,2,1
97003,0,6,0,4,1
97004,0,0,2,3,1
97005,0,0,1,3,0
97006,3,0,0,2,4
97007,0,0,2,2,0
97008,0,0,0,1,2
97009,0,0,1,2,1
98000,0,0,1,3,3
98001,0,10,2,1,0
98002,0,0,1,4,3
98003,0,7,1,2,0
98004,0,0,0,1,1
98005,0,0,2,2,1
98006,0,0,1,3,3
98007,0,0,1,0,4
98008,0,0,0,1,4
98009,0,0,1,1,4
99000,0,7,0,3,1
99001,0,0,2,2,4
99002,0,0,0,4,0
99003,0,0,0,4,1
99004,0,0,1,4,1
99005,0,0,1,1,4
99006,0,0,0,4,3
99007,0,0,2,0,0
99008,0,0,2,3,4
99009,4,0,2,4,1
100000,0,0,2,2,3
100001,0,10,2,2,0
100002,0,0,0,3,1
100003,0,0,0,0,3
100004,0,0,0,3,0
100005,0,7,1,2,4
100006,0,0,0,2,4
100007,0,0,0,3,1
100008,0,0,1,1,0
100009,0,0,2,1,2
101000,0,0,1,2,2
101001,0,0,1,1,1
101002,1,0,1,3,1
101003,0,7,0,3,0
101004,0,0,0,2,2
101005,0,8,2,1,2
101006,0,0,0,4,0
101007,0,0,1,3,4
101008,2,7,1,0,0
101009,0,9,0,4,0
102000,0,0,0,0,3
102001,0,0,1,2,0
102002,3,9,0,2,0
102003,0,8,0,4,2
102004,0,0,0,1,0
102005,0,0,2,1,2
102006,0,0,0,4,3
102007,0,0,0,0,1
102008,0,0,2,4,0
102009,0,0,2,2,1
103000,0,0,1,2,4
103001,0,0,1,3,0
103002,0,0,0,0,3
103003,0,0,1,4,4
103004,0,0,0,1,1
103005,1,0,2,0,0
103006,0,0,2,1,2
103007,3,0,1,1,4
103008,2,0,1,3,0
103009,0,9,1,4,0
104000,0,8,1,0,4
104001,0,0,0,1,1
104002,0,0,2,3,4
104003,1,0,2,2,1
104004,0,9,0,3,1
104005,0,0,2,4,1
104006,0,0,2,0,2
104007,0,0,0,0,3
104008,0,8,1,1,0
104009,0,0,2,3,1
105000,0,0,0,1,0
105001,0,10,0,1,3
105002,0,0,1,0,4
105003,0,0,0,3,4
105004,1,0,2,0,1
105005,0,7,2,1,2
105006,0,0,0,1,3
105007,0,0,2,4,1
105008,0,0,2,1,1
105009,0,10,0,4,0
106000,2,0,1,3,1
106001,0,0,0,2,3
106002,0,0,0,4,2
106003,0,0,1,0,4
106004,0,0,2,0,4
106005,0,0,1,0,4
106006,3,0,0,0,2
106007,0,0,2,3,3
106008,0,0,2,4,3
106009,3,0,2,0,0
107000,0,0,1,0,2
107001,0,0,0,0,1
107002,0,0,0,3,2
107003,0,0,1,4,4
107004,0,0,2,1,2
107005,0,0,1,1,1
107006,0,0,0,1,1
107007,0,0,0,0,4
107008,0,10,1,2,0
107009,0,0,2,3,2
108000,0,8,1,3,0
108001,0,0,0,4,4
108002,0,0,0,1,3
108003,1,0,1,3,3
108004,4,0,1,3,1
108005,0,0,0,0,4
108006,0,0,1,2,1
108007,0,0,1,3,0
108008,1,0,1,3,1
108009,0,0,1,1,2
109000,0,0,1,1,1
109001,0,0,0,4,0
109002,0,0,0,0,3
109003,0,7,0,0,1
109004,0,0,1,0,2
109005,0,0,2,3,2
109006,3,0,2,1,3
109007,0,0,1,4,1
109008,0,10,0,1,2
109009,0,0,2,3,1
110000,0,0,1,4,3
110001,0,0,0,2,1
110002,0,0,0,1,3
110003,0,10,2,2,0
110004,0,0,0,4,0
110005,0,0,2,1,1
110006,0,0,1,4,0
110007,0,0,0,0,1
110008,0,0,1,1,3
110009,0,6,0,3,0
111000,0,0,0,0,4
111001,0,0,2,4,3
111002,0,8,0,0,2
111003,0,8,1,3,1
111004,0,0,1,0,2
111005,1,0,2,1,0
111006,3,0,0,2,3
111007,0,0,2,3,2
111008,3,8,0,2,1
111009,0,0,0,1,3
112000,0,0,2,3,2
112001,0,0,0,2,4
112002,0,0,2,4,4
112003,0,0,1,0,2
112004,0,8,0,0,1
112005,0,0,0,4,2
112006,0,0,2,1,1
112007,0,0,2,2,2
112008,0,7,0,4,1
112009,0,0,1,1,1
113000,0,0,0,4,4
113001,0,0,2,0,4
113002,0,8,2,3,1
113003,4,0,2,0,2
113004,0,0,1,4,2
113005,0,0,1,3,0
113006,0,0,0,2,2
113007,0,0,1,1,3
113008,0,8,0,3,0
113009,0,8,0,3,3
114000,3,6,0,3,1
114001,0,0,1,4,3
114002,0,0,1,1,4
114003,0,10,0,3,1
114004,4,0,2,0,2
114005,0,0,1,1,0
114006,0,0,0,0,2
114007,0,0,1,1,4
114008,0,0,1,2,2
114009,0,8,1,3,0
115000,1,0,0,3,4
115001,0,0,1,3,1
115002,0,0,1,2,0
115003,1,8,0,2,0
115004,0,0,1,0,1
115005,0,9,2,3,0
115006,0,0,0,4,4
115007,1,8,1,1,3
115008,0,0,1,2,4
115009,0,0,2,4,2
116000,0,6,1,0,2
116001,0,0,0,3,1
116002,0,0,2,1,0
116003,4,0,2,0,4
116004,0,0,0,1,2
116005,0,0,2,3,3
116006,0,0,0,3,0
116007,0,0,1,4,1
116008,0,0,0,4,4
116009,0,0,2,2,4
117000,0,8,2,4,0
117001,0,0,2,2,3
117002,0,0,0,2,2
117003,1,0,2,0,2
117004,0,0,0,2,0
117005,0,0,0,2,4
117006,0,0,1,2,0
117007,0,0,2,0,3
117008,3,0,2,4,0
117009,0,0,2,1,4
118000,3,10,1,0,0
118001,0,8,2,0,2
118002,1,7,2,2,2
118003,0,9,2,2,0
118004,0,10,1,1,1
118005,0,0,2,0,2
118006,4,0,1,3,3
118007,2,0,2,0,0
118008,0,0,2,0,1
118009,0,0,2,1,0
119000,0,0,2,3,2
119001,0,0,1,0,4
119002,0,0,0,0,4
119003,0,0,0,3,3
119004,0,0,2,3,2
119005,0,0,2,3,3
119006,0,8,0,1,0
119007,0,7,0,3,2
119008,0,0,0,3,3
119009,3,0,2,0,0
120000,2,0,0,4,2
120001,0,0,2,2,2
120002,0,7,0,1,4
120003,0,0,0,2,4
120004,1,8,0,0,1
120005,1,9,0,4,0
120006,0,7,0,1,3
120007,0,0,0,3,4
120008,0,7,2,1,4
120009,0,0,0,1,1
121000,0,0,0,1,1
121001,3,0,0,3,0
121002,0,0,2,3,1
121003,4,0,1,1,4
121004,1,0,0,3,2
121005,0,0,2,2,0
121006,0,6,0,4,4
121007,0,0,2,2,1
121008,0,9,1,2,2
121009,0,0,0,1,1
122000,0,0,2,2,4
122001,0,0,1,0,4
122002,0,10,1,3,0
122003,0,8,2,4,0
122004,0,0,0,4,0
122005,0,0,2,2,2
122006,0,0,1,4,4
122007,0,0,1,2,1
122008,0,0,2,3,3
122009,3,0,2,4,0
123000,0,0,1,2,3
123001,0,10,1,3,0
123002,0,10,1,3,0
123003,2,0,0,1,1
123004,0,0,0,3,0
123005,0,10,2,1,0
123006,0,0,1,0,2
123007,0,0,0,1,0
123008,2,6,1,2,3
123009,0,0,0,1,0
124000,0,0,2,2,2
124001,0,8,1,0,4
124002,0,9,0,3,2
124003,0,0,2,0,0
124004,0,0,2,1,3
124005,0,0,1,3,2
124006,0,10,2,0,0
124007,0,10,2,2,0
124008,0,0,1,4,0
124009,0,0,0,3,3
125000,0,0,1,3,1
125001,0,0,1,3,3
125002,0,0,0,1,2
125003,0,0,1,2,3
125004,2,0,1,4,2
125005,0,0,0,0,2
125006,0,0,1,2,2
125007,0,0,0,3,4
125008,0,7,2,3,2
125009,0,8,1,3,2
126000,0,0,2,4,2
126001,0,0,2,3,0
126002,0,0,1,3,2
126003,0,8,2,3,1
126004,2,0,1,0,1
126005,0,0,1,1,2
126006,0,0,1,0,1
126007,0,0,2,0,4
126008,0,0,0,3,0
126009,0,8,1,0,3
127000,0,0,2,4,4
127001,0,0,0,1,2
127002,0,0,0,1,1
127003,0,0,1,2,3
127004,0,0,1,0,0
127005,0,0,0,2,1
127006,0,0,1,0,2
127007,0,0,0,0,3
127008,0,0,1,0,4
127009,0,0,1,3,4
128000,0,0,0,2,2
128001,0,0,2,4,2
128002,2,0,2,2,4
128003,0,0,0,0,1
128004,0,0,1,4,0
128005,0,7,1,3,2
128006,0,0,2,2,0
128007,0,0,0,4,4
128008,0,0,2,0,2
128009,0,0,1,0,3
129000,0,0,0,1,3
129001,0,0,2,2,0
129002,0,0,1,4,2
129003,0,0,1,3,3
129004,0,0,2,3,3
129005,0,0,1,2,3
129006,0,0,1,2,2
129007,3,9,1,0,1
129008,0,0,2,3,0
129009,0,0,1,0,3
130000,0,0,0,3,4
130001,0,0,0,4,0
130002,0,6,0,1,2
130003,1,0,2,1,2
130004,0,10,0,3,1
130005,0,0,1,2,1
130006,0,0,2,4,4
130007,3,0,2,0,3
130008,0,0,1,4,4
130009,0,0,2,1,4
131000,0,0,0,0,1
131001,0,0,2,3,1
131002,0,0,0,1,0
131003,0,6,1,2,0
131004,0,0,2,3,2
131005,0,10,1,0,2
131006,0,0,0,4,3
131007,0,0,1,2,2
131008,0,0,2,1,3
131009,0,0,1,4,4
132000,3,0,0,3,3
132001,0,0,0,1,2
132002,0,0,1,1,2
132003,0,0,2,0,0
132004,0,0,1,0,4
132005,2,0,2,2,4
132006,0,0,2,3,2
132007,0,0,0,2,1
132008,0,0,1,3,0
132009,0,9,1,0,3
133000,0,0,1,4,1
133001,3,6,2,3,0
133002,0,0,1,0,1
133003,0,0,1,4,2
133004,0,0,1,0,3
133005,0,0,2,1,2
133006,0,0,1,1,3
133007,0,0,2,0,1
133008,0,6,2,4,1
133009,0,0,0,1,0
134000,3,10,1,0,0
134001,0,0,2,2,2
134002,0,7,0,4,3
134003,0,0,2,3,3
134004,0,0,2,4,4
134005,0,0,2,4,0
134006,3,0,0,3,0
134007,0,0,2,2,4
134008,0,6,1,0,1
134009,2,0,2,1,3
135000,0,8,0,1,0
135001,0,6,2,2,0
135002,0,9,1,0,0
135003,0,0,2,0,4
135004,0,0,1,4,4
135005,0,0,1,4,3
135006,0,0,1,0,3
135007,0,7,1,1,4
135008,0,0,0,3,1
135009,0,0,2,2,2
136000,0,0,0,3,3
136001,0,0,1,1,4
136002,3,0,1,1,1
136003,0,7,2,0,1
136004,2,0,2,4,1
136005,0,0,2,3,2
136006,2,0,2,4,0
136007,0,8,0,3,1
136008,0,10,1,1,1
136009,0,0,1,0,4
137000,0,0,0,1,4
137001,0,6,1,2,2
137002,0,0,1,4,4
137003,1,0,1,0,3
137004,3,0,2,1,2
137005,0,0,2,4,3
137006,0,0,2,2,0
137007,0,0,1,4,4
137008,1,0,0,2,1
137009,0,7,1,1,0
138000,0,8,1,4,1
138001,0,0,2,4,0
138002,0,0,2,3,4
138003,0,0,0,2,2
138004,0,0,2,2,2
138005,0,0,2,1,0
138006,1,0,2,4,0
138007,4,0,0,0,4
138008,0,6,0,3,2
138009,0,7,2,1,1
139000,0,0,1,1,4
139001,0,0,2,4,4
139002,0,0,1,1,4
139003,0,0,1,4,1
139004,0,0,1,4,1
139005,0,0,2,0,0
139006,0,0,1,0,1
139007,0,0,2,3,0
139008,2,0,1,3,4
139009,2,7,0,0,0
140000,0,0,1,3,3
140001,3,0,1,2,0
140002,1,0,2,4,2
140003,0,0,2,0,0
140004,0,7,0,0,0
140005,0,0,1,1,1
140006,0,10,0,2,0
140007,0,7,1,1,1
140008,0,6,1,2,1
140009,0,8,2,4,0
141000,0,6,1,0,3
141001,0,0,0,1,2
141002,0,0,0,3,0
141003,0,0,2,1,2
141004,0,0,0,2,4
141005,0,0,2,4,1
141006,0,0,2,1,2
141007,0,0,2,1,0
141008,0,0,2,1,2
141009,0,0,2,2,4
142000,0,0,1,2,1
142001,0,0,2,2,4
142002,0,0,1,4,1
142003,1,0,2,3,0
142004,0,8,1,3,1
142005,0,10,2,2,0
142006,4,0,2,3,0
142007,0,0,0,0,1
142008,0,0,1,0,0
142009,0,0,1,1,2
143000,0,0,1,2,4
143001,0,0,0,4,2
143002,0,0,2,1,1
143003,0,10,0,1,0
143004,0,0,2,0,1
143005,0,0,0,0,0
143006,3,0,0,3,0
143007,0,0,2,3,0
143008,0,0,1,0,2
143009,2,7,1,2,1
144000,0,0,2,1,2
144001,0,0,0,3,4
144002,0,0,1,4,0
144003,0,8,1,2,1
144004,3,0,1,2,4
144005,0,0,1,0,2
144006,2,0,0,2,2
144007,0,0,1,0,3
144008,0,0,1,1,0
144009,0,0,0,0,2
145000,0,6,1,2,2
145001,0,10,1,3,0
145002,0,0,2,4,0
145003,0,0,2,2,4
145004,0,0,1,3,0
145005,0,0,2,1,3
145006,0,8,1,4,0
145007,0,6,1,3,0
145008,0,10,0,1,1
145009,0,0,0,4,0
146000,0,0,2,0,4
146001,0,9,1,2,0
146002,0,7,2,4,0
146003,0,10,2,0,1
146004,0,0,2,4,3
146005,0,6,1,0,3
146006,4,10,0,0,0
146007,1,8,0,4,1
146008,0,0,1,4,4
146009,0,0,1,3,0
147000,0,0,1,0,4
147001,0,0,0,4,3
147002,0,0,2,2,4
147003,0,8,1,3,1
147004,0,7,2,1,2
147005,0,0,1,0,4
147006,0,0,0,1,2
147007,4,6,2,0,2
147008,0,0,0,1,4
147009,0,0,2,3,2
148000,0,0,1,0,3
148001,0,0,2,2,1
148002,0,0,1,2,0
148003,0,0,0,2,0
148004,0,0,2,4,4
148005,2,7,1,4,0
148006,0,0,0,2,2
148007,0,0,2,1,1
148008,0,0,0,4,4
148009,4,9,1,0,0
149000,0,0,0,0,3
149001,0,0,0,1,1
149002,0,0,0,3,0
149003,0,0,0,2,2
149004,0,0,2,4,1
149005,0,0,1,2,2
149006,0,0,2,1,2
149007,0,9,2,3,0
149008,0,0,0,4,4
149009,0,9,0,4,1
150000,0,9,0,2,2
150001,4,6,0,2,0
150002,0,10,2,0,2
150003,0,0,0,0,0
150004,0,0,1,3,3
150005,0,0,2,3,2
150006,0,0,2,0,1
150007,0,0,0,0,0
150008,0,7,2,1,2
150009,0,0,2,3,1
151000,0,9,0,0,4
151001,0,0,1,2,0
151002,0,0,2,0,4
151003,1,9,1,1,1
151004,0,10,2,0,1
151005,3,0,2,1,4
151006,2,0,0,4,3
151007,1,0,2,1,1
151008,3,7,1,2,1
151009,0,0,2,3,2
152000,0,0,0,1,2
152001,4,0,1,0,1
152002,0,8,1,2,1
152003,0,0,0,1,1
152004,0,7,1,4,2
152005,0,0,0,1,3
152006,3,0,2,3,3
152007,0,0,0,2,0
152008,0,0,0,0,4
152009,0,0,1,2,0
153000,1,0,1,2,1
153001,0,0,0,4,2
153002,0,0,1,1,4
153003,2,0,0,0,4
153004,0,0,1,3,1
153005,0,0,2,3,4
153006,0,0,2,1,4
153007,0,0,1,1,0
153008,0,6,0,0,1
153009,0,0,0,1,3
154000,0,10,2,2,0
154001,0,7,2,0,0
154002,0,9,0,3,2
154003,0,0,2,1,0
154004,0,0,0,3,3
154005,1,0,1,4,2
154006,0,0,1,2,2
154007,0,9,0,1,4
154008,0,0,1,1,4
154009,0,10,0,1,2
155000,0,6,1,4,2
155001,0,10,0,2,1
155002,0,0,0,1,3
155003,0,9,2,0,0
155004,0,0,1,4,4
155005,0,0,0,3,2
155006,0,6,0,2,2
155007,0,0,0,3,4
155008,0,0,0,0,4
155009,0,0,1,0,2
156000,0,0,1,2,3
156001,0,0,2,3,0
156002,1,0,1,3,4
156003,4,0,1,4,4
156004,0,0,1,0,3
156005,0,0,1,1,1
156006,0,7,0,1,0
156007,2,0,0,1,1
156008,0,0,1,4,4
156009,0,0,0,0,3
157000,0,0,1,0,2
157001,0,0,0,3,3
157002,0,0,1,2,2
157003,0,0,1,3,4
157004,0,10,0,3,0
157005,0,0,0,3,4
157006,0,0,0,1,3
157007,0,0,2,3,4
157008,0,0,2,2,1
157009,0,0,1,2,0
158000,0,0,2,4,3
158001,0,0,0,2,2
158002,0,0,1,3,4
158003,0,0,0,3,2
158004,0,0,0,3,1
158005,0,0,1,4,3
158006,0,0,0,1,1
158007,0,10,0,2,0
158008,0,9,2,3,0
158009,3,0,2,3,2
159000,0,0,2,3,2
159001,3,7,1,1,1
159002,0,0,1,0,4
159003,0,0,2,4,2
159004,0,0,0,4,4
159005,0,0,0,4,1
159006,0,0,2,2,1
159007,0,0,1,3,0
159008,0,6,1,1,3
159009,0,0,0,4,4
160000,4,6,2,2,0
160001,0,0,1,4,1
160002,0,8,0,3,1
160003,0,0,1,2,2
160004,0,7,1,0,0
160005,0,0,2,4,0
160006,0,10,2,2,0
160007,0,10,1,2,1
160008,0,8,1,3,2
160009,0,0,2,4,2
161000,0,0,1,2,2
161001,0,10,0,4,0
161002,0,0,0,3,4
161003,0,0,0,4,4
161004,1,10,2,1,0
161005,0,0,0,4,2
161006,0,9,2,3,0
161007,0,6,1,1,4
161008,0,6,2,0,3
161009,0,0,0,4,4
162000,0,0,2,1,2
162001,0,0,0,0,4
162002,0,6,1,3,4
162003,0,0,2,3,2
162004,0,0,2,1,1
162005,2,0,1,3,2
162006,0,7,0,2,0
162007,0,0,2,4,0
162008,4,0,2,4,3
162009,0,0,1,0,2
163000,1,0,0,3,3
163001,0,0,0,4,2
163002,0,8,1,3,2
163003,0,0,2,1,4
163004,0,0,1,3,3
163005,0,0,2,1,1
163006,3,0,2,0,3
163007,0,9,1,3,0
163008,0,0,0,2,1
163009,1,0,1,3,0
164000,0,7,1,0,0
164001,0,0,2,4,4
164002,0,9,0,0,2
164003,0,0,1,2,3
164004,0,0,0,1,1
164005,0,8,2,4,0
164006,0,0,0,3,4
164007,0,0,2,1,3
164008,0,0,1,4,4
164009,4,0,2,4,2
165000,0,0,1,4,0
165001,0,0,0,2,1
165002,0,9,2,0,0
165003,0,6,0,4,0
165004,0,0,2,4,4
165005,0,0,1,4,1
165006,0,0,1,2,3
165007,0,0,1,3,3
165008,0,0,0,2,3
165009,1,0,0,2,4
166000,0,0,0,2,0
166001,3,0,0,4,4
166002,0,0,0,0,4
166003,0,6,2,4,2
166004,0,10,0,0,0
166005,0,7,1,0,3
166006,1,7,2,1,3
166007,0,0,0,2,3
166008,0,0,0,2,4
166009,0,0,0,3,3
167000,4,0,2,3,4
167001,3,0,0,2,2
167002,0,0,0,0,2
167003,0,0,2,3,3
167004,1,9,2,0,0
167005,0,0,0,1,3
167006,0,0,1,0,4
167007,0,0,2,1,1
167008,0,7,2,0,3
167009,3,7,1,3,0
168000,0,0,0,2,4
168001,0,0,2,4,1
168002,0,9,2,3,0
168003,0,0,0,4,3
168004,0,0,1,0,2
168005,0,6,1,1,3
168006,0,0,1,0,1
168007,0,0,1,0,4
168008,2,0,0,3,1
168009,0,0,1,2,4
169000,0,0,0,2,1
169001,0,0,0,1,3
169002,0,0,0,4,3
169003,0,0,1,2,0
169004,0,0,1,3,2
169005,0,0,1,2,3
169006,0,0,2,1,4
169007,0,0,2,3,1
169008,0,0,1,1,0
169009,0,0,1,4,2
170000,0,0,2,0,0
170001,0,0,0,2,1
170002,0,0,1,0,0
170003,0,0,0,0,4
170004,0,0,2,2,2
170005,0,0,2,4,2
170006,2,0,0,0,1
170007,0,7,2,4,1
170008,0,0,2,4,1
170009,0,7,0,3,4
171000,0,0,1,1,0
171001,0,0,1,1,0
171002,0,0,0,4,2
171003,0,10,2,0,1
171004,0,0,2,4,4
171005,2,0,2,0,0
171006,0,0,2,1,0
171007,0,8,1,4,1
171008,0,6,0,4,4
171009,0,0,0,3,2
172000,0,0,1,3,3
172001,0,0,0,3,1
172002,0,0,1,3,2
172003,0,0,0,2,4
172004,1,0,1,4,2
172005,0,0,0,1,3
172006,4,0,1,2,0
172007,0,0,2,0,2
172008,0,0,2,2,1
172009,0,0,0,3,4
173000,1,0,0,3,1
173001,0,6,0,3,4
173002,1,7,2,4,0
173003,0,7,2,2,3
173004,0,0,2,2,2
173005,4,0,0,2,0
173006,0,0,2,2,4
173007,0,0,0,0,1
173008,0,7,0,3,1
173009,0,9,0,4,0
174000,0,0,2,1,0
174001,0,6,2,0,4
174002,0,0,2,2,0
174003,0,9,2,3,0
174004,0,0,2,2,4
174005,0,6,2,2,2
174006,0,0,1,0,0
174007,3,0,2,1,0
174008,3,6,2,1,2
174009,3,0,1,4,0
175000,0,6,1,0,2
175001,0,0,0,0,0
175002,0,0,2,1,0
175003,0,0,1,0,3
175004,0,0,0,4,4
175005,0,0,1,2,0
175006,0,7,2,1,0
175007,0,6,2,1,4
175008,0,0,0,4,0
175009,0,0,1,0,1
176000,0,0,2,0,3
176001,0,0,0,2,0
176002,0,0,1,4,3
176003,0,0,2,3,2
176004,0,0,2,0,1
176005,0,7,1,0,1
176006,0,0,0,1,1
176007,0,0,0,4,0
176008,2,0,2,2,3
176009,0,0,1,3,4
177000,0,6,2,4,1
177001,0,10,0,1,2
177002,0,0,1,4,4
177003,0,0,2,1,4
177004,0,10,0,1,2
177005,0,0,2,1,4
177006,0,8,0,0,0
177007,0,0,2,3,4
177008,0,0,1,1,2
177009,0,0,1,3,3
178000,0,0,0,1,0
178001,0,10,2,0,2
178002,0,0,2,0,0
178003,0,0,1,3,4
178004,0,6,0,1,2
178005,0,0,2,1,1
178006,0,0,0,4,4
178007,0,8,1,3,1
178008,0,10,0,2,1
178009,0,0,1,3,4
179000,1,0,1,1,4
179001,0,10,0,0,2
179002,0,0,2,1,2
179003,3,8,0,0,0
179004,0,0,0,3,1
179005,0,0,2,1,3
179006,2,7,0,3,1
179007,0,6,2,3,0
179008,0,0,0,1,2
179009,0,0,2,4,2
180000,0,0,0,3,4
180001,0,0,2,2,3
180002,0,0,1,4,4
180003,0,0,0,4,0
180004,0,0,0,2,0
180005,0,0,0,0,4
180006,0,0,2,4,4
180007,0,0,2,0,0
180008,0,0,0,4,3
180009,0,0,0,2,0
181000,0,0,1,2,2
181001,3,6,0,0,4
181002,0,0,2,4,0
181003,0,8,1,0,1
181004,2,0,0,4,0
181005,0,7,2,3,2
181006,0,0,2,4,0
181007,0,0,2,3,4
181008,0,0,0,1,4
181009,0,0,0,3,0
182000,0,9,2,1,2
182001,1,0,0,2,0
182002,0,6,1,0,1
182003,0,7,1,4,1
182004,0,0,0,3,1
182005,0,9,2,1,2
182006,0,0,0,2,2
182007,0,0,2,3,4
182008,1,10,1,2,0
182009,0,0,0,2,2
183000,0,0,0,0,0
183001,0,0,2,4,0
183002,0,9,2,0,2
183003,2,9,2,0,1
183004,0,9,2,3,0
183005,3,0,1,4,3
183006,0,0,2,2,2
183007,4,0,1,0,3
183008,0,0,0,2,4
183009,0,10,1,3,0
184000,0,0,0,3,3
184001,3,0,2,0,0
184002,0,8,1,2,3
184003,0,0,1,2,4
184004,0,0,0,1,2
184005,0,0,2,2,2
184006,0,0,1,2,1
184007,1,0,1,2,1
184008,0,0,1,3,1
184009,0,0,1,1,4
185000,0,0,2,3,0
185001,0,8,2,3,0
185002,0,0,2,0,4
185003,0,0,1,3,4
185004,0,0,2,0,2
185005,0,0,1,0,2
185006,0,9,1,3,1
185007,0,0,0,0,3
185008,0,0,2,1,2
185009,0,0,2,1,4
186000,0,0,2,4,4
186001,0,0,0,3,2
186002,0,0,1,4,3
186003,0,0,0,3,4
186004,2,0,0,3,4
186005,0,7,2,4,0
186006,3,0,1,0,2
186007,0,0,1,3,4
186008,0,7,0,3,0
186009,0,6,0,2,0
187000,0,10,1,3,0
187001,0,0,2,1,4
187002,0,10,0,2,0
187003,0,9,0,3,1
187004,0,0,2,3,3
187005,0,0,0,4,3
187006,0,0,0,0,1
187007,0,0,2,0,0
187008,0,0,2,1,3
187009,0,0,1,2,0
188000,0,0,2,0,3
188001,0,9,1,3,0
188002,0,7,0,4,0
188003,2,0,1,2,4
188004,2,0,0,0,3
188005,0,0,2,4,1
188006,0,0,2,1,2
188007,0,10,2,2,0
188008,0,0,2,0,0
188009,0,0,2,4,2
189000,0,0,0,3,3
189001,0,7,1,4,0
189002,0,0,1,2,2
189003,1,0,1,0,4
189004,0,0,2,0,3
189005,1,0,2,0,4
189006,0,0,0,2,0
189007,0,0,1,4,0
189008,0,0,0,1,3
189009,0,10,1,3,0
190000,0,0,2,2,4
190001,0,0,0,3,0
190002,0,6,2,0,1
190003,0,0,0,3,0
190004,0,6,1,4,2
190005,0,7,1,0,3
190006,0,0,0,4,1
190007,0,6,1,1,1
190008,0,0,0,1,1
190009,0,10,0,3,1
191000,0,0,1,2,3
191001,0,0,2,2,1
191002,0,0,0,3,3
191003,0,0,0,1,4
191004,0,0,0,1,4
191005,0,0,2,2,1
191006,0,0,2,1,3
191007,0,0,1,4,1
191008,0,0,0,4,3
191009,0,0,1,0,4
192000,0,0,1,2,4
192001,0,0,1,1,0
192002,3,0,2,1,3
192003,0,0,1,4,4
192004,0,9,1,3,0
192005,0,0,1,0,3
192006,0,0,2,3,2
192007,0,8,0,1,3
192008,0,10,0,2,1
192009,4,10,0,0,0
193000,0,0,0,3,0
193001,0,0,1,0,1
193002,4,0,0,0,2
193003,0,0,2,0,3
193004,1,0,1,0,3
193005,0,0,0,4,2
193006,0,0,0,0,0
193007,0,0,0,4,4
193008,0,0,1,1,2
193009,0,0,2,2,4
194000,0,0,2,2,2
194001,0,0,0,0,2
194002,0,0,2,3,3
194003,0,0,0,3,0
194004,0,0,2,4,3
194005,3,9,0,1,0
194006,0,0,1,0,2
194007,0,0,1,3,0
194008,0,7,0,4,0
194009,0,0,1,3,3
195000,0,9,1,1,1
195001,0,6,1,4,1
195002,1,0,0,2,2
195003,0,7,0,4,1
195004,0,7,2,1,3
195005,0,0,0,0,4
195006,0,6,1,4,3
195007,1,10,2,0,0
195008,0,0,2,1,3
195009,0,0,1,2,4
196000,0,0,2,2,1
196001,0,0,2,0,2
196002,0,0,2,4,2
196003,4,0,0,2,3
196004,0,0,2,0,1
196005,0,7,0,4,1
196006,0,0,2,2,2
196007,0,0,0,2,4
196008,0,0,1,0,1
196009,0,0,1,1,1
197000,0,0,2,3,4
197001,0,8,0,2,0
197002,0,0,1,0,3
197003,0,0,1,3,3
197004,0,0,1,1,4
197005,4,0,2,0,1
197006,0,6,2,2,2
197007,0,0,2,2,0
197008,4,0,2,1,0
197009,0,0,1,0,2
198000,1,10,1,2,0
198001,0,0,1,0,0
198002,1,6,2,3,0
198003,0,0,1,0,4
198004,0,0,1,4,2
198005,0,9,0,2,1
198006,0,0,0,1,4
198007,0,0,0,3,0
198008,0,0,2,2,1
198009,0,0,1,3,4
199000,0,7,2,0,1
199001,0,0,1,0,2
199002,0,0,2,2,0
199003,0,0,1,4,1
199004,0,0,1,4,2
199005,0,0,1,0,2
199006,0,0,1,2,0
199007,0,0,1,1,1
199008,0,8,0,0,3
199009,0,0,2,4,3
200000,0,9,2,0,0
200001,0,0,1,3,1
200002,0,0,2,2,1
200003,2,6,2,2,0
200004,0,9,0,3,1
200005,1,0,2,4,0
200006,0,0,1,2,4
200007,0,10,1,1,1
200008,0,0,2,0,2
200009,0,0,1,1,1
201000,0,0,0,4,0
201001,0,8,0,1,3
201002,0,0,0,3,2
201003,0,0,1,3,1
201004,0,0,1,2,4
201005,0,0,0,4,1
201006,0,0,2,3,4
201007,1,8,2,0,1
201008,0,0,0,1,4
201009,0,0,2,2,2
202000,0,0,1,3,2
202001,0,0,0,4,2
202002,4,0,0,3,4
202003,0,0,1,0,0
202004,0,0,2,3,0
202005,0,0,0,3,0
202006,0,0,0,1,4
202007,0,0,2,2,0
202008,0,0,2,2,1
202009,0,0,2,2,1
203000,0,6,2,2,3
203001,0,0,2,1,1
203002,0,0,1,2,2
203003,0,0,0,3,0
203004,0,0,0,4,2
203005,0,0,1,0,3
203006,0,10,2,1,1
203007,4,10,0,0,0
203008,0,10,0,2,0
203009,0,10,0,4,0
204000,2,10,2,0,0
204001,1,0,0,0,2
204002,0,7,2,3,2
204003,0,0,1,4,1
204004,0,0,1,4,4
204005,0,0,1,2,0
204006,4,0,1,2,1
204007,3,0,1,3,4
204008,0,0,0,0,0
204009,4,0,2,2,0
205000,0,8,0,1,1
205001,0,6,0,2,2
205002,1,10,2,1,0
205003,0,0,1,0,4
205004,0,0,2,1,3
205005,0,0,0,3,3
205006,0,0,0,1,1
205007,2,0,1,0,2
205008,1,0,0,1,1
205009,0,0,0,4,2
206000,3,0,1,0,3
206001,0,0,2,4,3
206002,0,0,2,4,1
206003,0,0,1,2,3
206004,0,0,1,4,1
206005,1,0,2,3,0
206006,0,9,1,3,0
206007,0,8,1,1,3
206008,0,0,0,3,0
206009,2,10,1,0,0
207000,0,0,1,1,2
207001,0,7,0,2,0
207002,0,0,0,1,2
207003,0,0,0,0,2
207004,0,0,1,1,2
207005,2,0,2,4,1
207006,0,8,2,2,1
207007,0,8,0,3,2
207008,2,10,1,0,0
207009,0,10,0,1,1
208000,0,6,2,4,0
208001,0,0,0,0,0
208002,0,7,1,1,1
208003,1,0,1,1,0
208004,0,0,1,1,1
208005,4,0,0,0,1
208006,0,0,2,0,2
208007,0,0,2,0,1
208008,0,0,0,0,1
208009,0,0,0,2,2
209000,0,8,0,1,3
209001,0,0,2,4,0
209002,0,0,1,4,2
209003,0,8,0,1,1
209004,0,0,0,2,0
209005,0,0,2,2,2
209006,0,10,0,0,0
209007,0,0,1,2,0
209008,0,0,0,4,1
209009,0,9,2,1,1
210000,1,6,2,0,1
210001,0,0,1,0,3
210002,0,0,0,3,0
210003,0,0,2,2,0
210004,0,0,0,2,0
210005,0,0,0,4,2
210006,4,9,1,0,0
210007,0,7,1,2,4
210008,0,0,0,3,0
210009,0,8,0,1,1
211000,0,0,0,3,2
211001,0,0,0,2,4
211002,0,6,2,3,2
211003,0,0,1,1,4
211004,0,0,2,2,3
211005,1,0,0,3,3
211006,0,6,1,1,1
211007,0,0,2,3,2
211008,0,8,1,3,2
211009,0,0,2,1,1
212000,0,0,1,0,3
212001,0,0,0,3,3
212002,0,0,1,2,4
212003,0,8,1,0,3
212004,0,7,2,2,2
212005,0,0,2,2,0
212006,4,0,1,4,0
212007,0,9,1,0,0
212008,2,0,1,0,4
212009,0,7,2,1,1
213000,0,0,1,2,3
213001,4,0,0,1,2
213002,0,10,1,2,1
213003,0,0,1,4,3
213004,0,0,1,1,3
213005,0,0,2,4,3
213006,0,0,0,1,2
213007,0,0,0,3,4
213008,0,0,0,3,1
213009,0,7,1,4,1
214000,0,0,0,0,0
214001,0,8,0,1,2
214002,0,10,2,0,2
214003,0,0,0,1,2
214004,0,0,2,2,1
214005,0,9,1,0,2
214006,0,0,2,4,3
214007,0,6,1,1,0
214008,3,10,0,0,0
214009,3,10,1,0,0
215000,0,0,2,4,0
215001,0,7,1,3,0
215002,0,7,0,1,4
215003,0,0,2,2,4
215004,0,0,2,3,2
215005,0,0,1,4,0
215006,0,8,2,3,1
215007,0,0,1,4,4
215008,0,0,2,3,3
215009,0,0,1,2,4
216000,0,0,0,0,3
216001,0,8,0,3,0
216002,0,0,1,1,4
216003,0,0,0,1,1
216004,0,6,0,1,3
216005,1,0,1,3,1
216006,2,0,0,4,3
216007,0,6,2,0,2
216008,0,0,1,2,3
216009,3,0,0,0,4
217000,0,0,0,2,1
217001,4,0,1,2,4
217002,2,10,2,0,0
217003,0,7,2,3,0
217004,0,0,2,2,1
217005,0,0,2,1,4
217006,0,0,1,4,2
217007,0,9,2,0,3
217008,0,0,2,3,4
217009,0,0,2,4,4
218000,0,0,0,2,3
218001,0,6,0,0,4
218002,0,0,0,0,2
218003,0,0,2,1,3
218004,1,10,1,2,0
218005,0,0,1,2,2
218006,0,0,0,1,3
218007,0,0,0,1,4
218008,0,10,1,1,2
218009,0,6,0,1,2
219000,0,0,0,1,0
219001,0,9,2,2,0
219002,0,6,0,1,2
219003,0,0,1,2,4
219004,0,10,2,0,1
219005,0,0,0,1,4
219006,0,0,1,4,4
219007,1,10,0,1,2
219008,0,9,0,4,0
219009,0,0,0,2,2
220000,0,0,2,2,1
220001,3,0,0,2,3
220002,0,0,1,3,3
220003,0,0,2,2,2
220004,0,6,0,1,0
220005,0,0,0,1,4
220006,0,10,2,1,0
220007,0,0,1,1,4
220008,0,0,0,2,1
220009,0,8,2,3,0
221000,0,0,1,2,2
221001,0,0,1,2,0
221002,0,8,2,2,1
221003,0,7,2,2,3
221004,0,0,2,4,1
221005,0,0,0,4,2
221006,0,8,2,0,3
221007,0,0,2,3,3
221008,3,8,0,0,3
221009,0,0,1,1,4
222000,0,6,0,2,1
222001,0,0,2,4,3
222002,0,0,0,4,0
222003,0,0,1,2,1
222004,0,0,2,2,3
222005,0,0,2,2,1
222006,0,0,2,4,0
222007,0,0,1,4,4
222008,2,8,2,2,0
222009,0,0,2,1,4
223000,0,8,2,0,3
223001,0,0,0,3,0
223002,0,0,0,0,2
223003,0,0,2,1,0
223004,0,0,2,4,4
223005,0,0,2,2,3
223006,0,0,2,0,1
223007,0,8,1,0,3
223008,0,0,1,3,3
223009,0,10,0,4,0
224000,0,7,2,4,0
224001,0,0,0,4,4
224002,0,8,1,1,2
224003,0,7,1,0,0
224004,0,0,1,3,0
224005,0,0,0,1,0
224006,0,8,1,2,1
224007,0,10,1,2,0
224008,4,0,1,3,0
224009,0,0,1,0,3
225000,0,0,1,0,1
225001,0,0,1,1,4
225002,0,7,1,1,3
225003,0,6,1,0,1
225004,0,8,0,4,0
225005,0,0,2,1,0
225006,0,6,2,2,3
225007,0,0,1,4,2
225008,0,0,2,0,2
225009,0,0,1,2,4
226000,0,0,2,0,0
226001,0,0,2,1,2
226002,0,0,0,1,0
226003,3,9,0,0,2
226004,0,0,0,3,0
226005,0,0,2,3,4
226006,0,0,0,4,3
226007,0,10,1,3,0
226008,0,0,1,3,0
226009,0,0,0,4,0
227000,0,8,0,3,2
227001,0,8,1,1,4
227002,2,7,0,4,0
227003,0,0,1,0,1
227004,0,0,0,0,4
227005,0,0,0,4,0
227006,0,0,2,2,4
227007,0,0,2,4,4
227008,4,6,2,0,1
227009,0,6,0,0,2
228000,0,0,2,2,1
228001,4,0,1,3,2
228002,0,0,2,0,1
228003,0,0,1,4,2
228004,0,10,2,0,2
228005,0,0,2,3,3
228006,2,10,1,1,0
228007,0,6,0,3,2
228008,0,0,1,1,2
228009,0,6,2,0,2
229000,0,10,0,2,2
229001,4,9,1,0,0
229002,3,0,0,0,3
229003,0,0,0,0,3
229004,0,0,2,1,1
229005,0,8,0,4,0
229006,0,0,2,4,2
229007,0,0,0,0,3
229008,0,0,2,3,0
229009,0,0,2,4,2
230000,3,10,1,0,0
230001,0,0,0,1,2
230002,0,0,0,1,3
230003,3,0,1,0,3
230004,4,0,2,2,4
230005,0,0,0,2,4
230006,3,8,1,2,0
230007,0,0,2,1,1
230008,0,8,0,1,4
230009,0,0,2,0,0
231000,0,8,2,0,3
231001,0,0,0,4,2
231002,0,8,1,2,2
231003,0,0,1,2,2
231004,0,0,1,2,0
231005,0,0,0,4,2
231006,0,0,1,3,0
231007,0,0,2,4,3
231008,0,9,1,3,1
231009,1,9,2,0,1
232000,0,0,0,0,2
232001,4,0,1,1,0
232002,0,0,0,3,2
232003,0,9,2,2,0
232004,0,0,2,4,3
232005,0,10,0,4,0
232006,0,0,0,2,0
232007,0,0,2,0,3
232008,0,0,2,2,2
232009,0,0,1,4,1
233000,0,0,2,2,0
233001,2,0,0,0,0
233002,4,0,0,2,4
233003,0,0,0,0,4
233004,0,0,0,2,4
233005,0,0,2,2,0
233006,0,0,2,2,3
233007,0,0,1,4,2
233008,0,0,1,2,3
233009,0,0,2,0,0
234000,0,6,1,0,0
234001,0,0,0,2,1
234002,0,0,2,4,4
234003,0,10,1,3,0
234004,0,0,1,1,4
234005,0,6,2,4,2
234006,1,0,1,2,2
234007,0,0,2,3,0
234008,0,6,2,3,3
234009,0,0,2,4,2
235000,0,6,2,4,0
235001,0,0,2,2,4
235002,0,0,0,2,0
235003,0,0,2,3,0
235004,0,0,2,0,3
235005,0,10,0,4,0
235006,0,8,1,0,1
235007,0,0,1,1,2
235008,0,0,2,4,4
235009,0,9,1,4,0
236000,4,0,1,3,0
236001,0,0,2,3,1
236002,4,9,0,0,0
236003,0,0,0,3,2
236004,3,0,1,2,1
236005,0,0,0,2,3
236006,0,0,1,3,4
236007,0,0,0,0,0
236008,0,0,1,1,0
236009,0,0,2,3,2
237000,1,0,2,1,0
237001,0,0,2,2,2
237002,2,6,0,1,0
237003,3,0,0,4,3
237004,4,0,0,1,1
237005,1,0,0,4,4
237006,0,0,1,2,4
237007,0,0,0,2,4
237008,0,0,0,4,3
237009,0,7,2,0,1
238000,0,0,0,0,3
238001,0,0,2,1,2
238002,0,0,0,2,4
238003,3,9,1,1,0
238004,0,0,1,0,3
238005,0,0,1,2,2
238006,0,6,1,0,2
238007,0,0,1,1,0
238008,4,8,1,1,0
238009,1,0,2,2,1
239000,0,0,2,2,1
239001,0,9,1,2,2
239002,0,9,0,4,1
239003,0,0,2,3,4
239004,0,0,0,0,1
239005,4,0,2,4,4
239006,0,0,0,4,2
239007,0,0,2,3,1
239008,4,9,0,1,0
239009,3,0,2,1,1
240000,0,0,1,1,3
240001,0,8,2,0,3
240002,0,9,0,1,3
240003,0,0,1,2,1
240004,0,0,1,1,1
240005,0,0,2,1,3
240006,0,7,0,2,2
240007,0,0,0,0,0
240008,0,0,2,0,3
240009,0,9,2,3,0
241000,0,7,2,3,0
241001,0,0,2,3,2
241002,0,0,2,0,4
241003,0,9,2,0,2
241004,0,0,2,4,4
241005,0,0,0,3,1
241006,0,0,1,1,3
241007,0,0,0,1,0
241008,0,0,2,0,3
241009,0,6,1,2,4
242000,0,0,0,3,2
242001,3,0,1,3,0
242002,0,0,1,2,1
242003,0,0,1,4,4
242004,0,6,2,2,3
242005,1,0,1,0,1
242006,4,7,1,1,0
242007,0,0,1,1,1
242008,0,0,0,3,0
242009,0,7,2,3,2
243000,4,0,0,0,4
243001,0,7,1,3,3
243002,0,0,1,2,2
243003,0,0,1,1,4
243004,0,0,0,1,2
243005,0,10,0,3,0
243006,0,9,1,1,3
243007,0,0,1,2,2
243008,0,0,2,1,2
243009,0,10,1,1,0
244000,0,0,0,0,1
244001,0,0,0,2,4
244002,0,0,0,2,3
244003,0,0,0,4,0
244004,1,0,2,4,2
244005,1,0,2,0,3
244006,0,9,0,3,1
244007,0,0,0,1,4
244008,0,0,0,4,1
244009,0,0,1,4,4
245000,0,0,0,0,1
245001,0,7,1,4,2
245002,0,9,0,3,0
245003,0,0,0,2,2
245004,0,0,1,3,0
245005,0,0,2,2,0
245006,0,0,1,2,0
245007,0,0,1,3,0
245008,0,0,1,1,1
245009,0,6,2,0,2
246000,0,6,2,2,4
246001,0,0,1,2,3
246002,3,0,0,0,3
246003,3,0,1,1,1
246004,0,6,1,2,0
246005,0,8,2,4,0
246006,0,0,0,4,0
246007,0,6,0,0,2
246008,0,0,0,0,1
246009,0,0,2,2,3
247000,0,0,1,3,2
247001,0,0,1,4,3
247002,0,0,2,3,3
247003,0,0,0,4,3
247004,0,0,1,1,2
247005,0,0,1,4,2
247006,0,0,2,0,3
247007,0,0,0,4,2
247008,0,10,0,4,0
247009,0,0,1,2,3
248000,0,0,0,1,1
248001,0,0,1,2,2
248002,0,0,2,4,2
248003,0,0,0,3,4
248004,0,8,0,4,2
248005,0,0,2,0,0
248006,0,0,0,0,0
248007,0,0,0,1,2
248008,0,0,0,3,3
248009,0,0,1,4,0
249000,3,0,2,2,4
249001,0,0,0,3,4
249002,0,0,1,2,0
249003,0,0,1,4,2
249004,0,9,0,2,1
249005,0,6,0,2,3
249006,0,8,0,3,2
249007,0,7,1,2,0
249008,0,7,0,3,3
249009,1,10,2,1,0
250000,0,0,2,2,4
250001,0,7,2,0,4
250002,0,0,0,2,1
250003,1,0,0,2,1
250004,0,10,1,3,0
250005,0,0,1,2,4
250006,0,0,2,2,3
250007,0,8,0,1,3
250008,0,10,0,4,0
250009,0,0,2,4,0
251000,3,0,1,4,2
251001,0,0,2,0,0
251002,0,0,0,2,0
251003,0,0,0,4,0
251004,0,10,0,0,1
251005,0,7,2,4,0
251006,0,7,0,1,4
251007,0,0,1,0,0
251008,0,0,2,3,4
251009,2,7,2,3,0
252000,0,8,0,0,1
252001,0,0,1,2,1
252002,0,0,1,2,4
252003,0,0,1,2,0
252004,1,10,0,2,0
252005,0,0,1,1,3
252006,3,0,2,1,2
252007,2,9,1,2,0
252008,0,6,0,4,3
252009,4,9,0,1,0
253000,0,6,1,1,2
253001,0,0,2,2,4
253002,0,0,1,0,3
253003,0,0,1,4,3
253004,1,0,1,4,0
253005,0,0,0,2,1
253006,0,6,0,0,0
253007,0,7,0,0,3
253008,0,0,1,3,3
253009,0,0,2,1,0
254000,0,0,1,2,2
254001,0,10,0,3,1
254002,0,0,2,3,0
254003,0,10,1,1,2
254004,0,0,0,0,1
254005,0,0,0,1,3
254006,0,6,2,3,3
254007,0,0,1,3,3
254008,0,0,2,0,3
254009,4,0,2,3,4
255000,0,9,2,0,3
255001,0,0,2,2,1
255002,0,0,1,4,4
255003,0,0,2,1,4
255004,0,0,0,3,4
255005,0,0,0,3,0
255006,0,0,0,2,1
255007,0,0,2,1,0
255008,0,0,2,1,3
255009,3,0,0,1,0
256000,1,0,0,3,0
256001,0,0,1,1,0
256002,0,0,2,3,0
256003,4,0,2,2,0
256004,0,0,1,2,2
256005,0,0,1,0,0
256006,4,0,0,4,4
256007,0,9,2,1,1
256008,3,0,2,3,0
256009,3,0,0,2,1
257000,0,0,1,2,0
257001,0,0,0,1,4
257002,0,0,1,2,3
257003,0,0,2,3,2
257004,0,0,0,3,0
257005,3,0,1,4,4
257006,0,0,2,2,4
257007,0,6,2,2,3
257008,0,7,1,4,2
257009,0,6,1,3,3
258000,0,10,2,0,1
258001,0,10,1,0,0
258002,0,0,1,2,4
258003,2,0,0,0,1
258004,2,0,2,2,0
258005,0,0,0,4,3
258006,0,0,0,1,2
258007,0,0,2,0,0
258008,0,0,0,2,2
258009,0,0,1,1,2
259000,0,10,1,0,1
259001,0,7,0,1,4
259002,0,0,1,2,4
259003,0,0,2,1,1
259004,0,0,1,4,4
259005,0,7,1,0,4
259006,0,8,1,4,1
259007,0,0,1,3,2
259008,0,0,1,2,1
259009,0,0,1,3,0
260000,0,8,1,1,4
260001,0,0,2,1,2
260002,0,8,1,0,4
260003,0,0,2,4,0
260004,0,9,2,1,2
260005,0,0,1,1,4
260006,0,0,1,1,4
260007,0,0,0,4,2
260008,0,0,2,4,3
260009,0,8,2,3,0
261000,0,0,0,1,4
261001,0,0,1,3,2
261002,0,0,1,0,2
261003,0,0,1,1,0
261004,0,8,1,3,2
261005,0,0,1,4,4
261006,0,0,2,1,3
261007,0,8,2,2,2
261008,0,10,2,0,1
261009,0,0,2,2,0
262000,0,0,0,4,3
262001,0,0,1,3,2
262002,0,0,2,4,3
262003,0,10,1,2,1
262004,0,0,0,0,3
262005,0,0,0,0,4
262006,0,0,2,2,0
262007,0,0,2,1,0
262008,4,0,1,4,1
262009,0,8,1,1,0
263000,0,0,1,0,2
263001,0,0,1,1,1
263002,0,0,2,2,0
263003,0,0,0,0,4
263004,4,8,1,1,0
263005,0,7,1,1,3
263006,0,0,2,4,1
263007,0,0,0,4,4
263008,0,0,1,3,1
263009,0,0,0,1,3
264000,3,0,2,4,3
264001,0,10,2,2,0
264002,0,0,0,0,3
264003,0,0,2,3,1
264004,0,9,2,3,0
264005,0,9,2,1,0
264006,4,0,1,3,0
264007,0,0,1,0,2
264008,1,0,0,4,2
264009,3,0,2,1,3
265000,1,0,0,2,0
265001,0,0,2,4,3
265002,0,0,0,3,2
265003,0,0,2,1,1
265004,0,8,2,0,4
265005,0,6,1,4,3
265006,0,8,2,0,4
265007,0,0,2,2,1
265008,0,0,1,2,3
265009,0,0,1,2,3
266000,1,0,2,4,4
266001,3,0,2,1,2
266002,0,6,1,4,0
266003,0,0,2,0,3
266004,0,8,1,1,0
266005,0,7,1,2,2
266006,0,8,0,1,0
266007,0,0,2,1,3
266008,0,6,0,1,0
266009,4,0,1,2,1
267000,0,0,1,4,2
267001,0,0,0,4,4
267002,0,0,2,3,1
267003,2,0,2,1,2
267004,0,0,0,1,0
267005,0,0,0,1,0
267006,4,0,1,3,1
267007,0,0,0,4,2
267008,0,10,0,1,0
267009,0,0,0,4,3
268000,1,0,0,3,0
268001,0,0,2,3,1
268002,0,0,2,4,1
268003,3,0,1,3,4
268004,0,8,2,0,2
268005,0,0,1,3,2
268006,0,10,2,1,1
268007,2,9,0,1,2
268008,1,0,1,2,3
268009,0,7,2,3,0
269000,0,0,1,1,2
269001,0,0,2,3,3
269002,1,7,1,0,2
269003,0,6,1,2,2
269004,0,0,1,0,4
269005,0,0,2,0,1
269006,0,0,2,1,4
269007,0,0,0,2,3
269008,2,0,1,0,2
269009,0,0,2,4,3
270000,4,0,1,1,2
270001,2,0,2,4,4
270002,4,0,1,3,4
270003,2,0,1,4,3
270004,0,0,1,2,3
270005,0,0,2,1,4
270006,0,0,1,4,0
270007,0,0,2,3,0
270008,0,6,2,2,1
270009,0,7,1,0,1
271000,0,0,0,3,1
271001,3,7,1,3,0
271002,0,7,2,1,4
271003,1,0,1,0,4
271004,0,0,0,4,3
271005,2,0,1,0,4
271006,0,0,0,1,0
271007,0,7,0,3,3
271008,0,10,1,0,2
271009,0,0,2,1,4
272000,0,0,2,0,3
272001,0,0,0,0,0
272002,0,0,1,2,1
272003,0,0,2,0,3
272004,3,0,0,2,0
272005,2,0,0,3,4
272006,0,8,2,2,2
272007,0,0,0,3,2
272008,0,6,2,3,3
272009,0,0,0,2,4
273000,0,0,2,0,1
273001,0,0,1,0,2
273002,0,6,1,4,1
273003,0,0,2,3,3
273004,4,0,1,2,1
273005,0,0,2,1,4
273006,0,10,1,1,2
273007,0,7,1,3,2
273008,0,8,2,4,0
273009,0,0,0,2,2
274000,0,0,0,3,0
274001,0,0,2,3,2
274002,0,0,2,1,4
274003,2,0,2,2,0
274004,0,0,1,4,0
274005,0,0,2,1,3
274006,0,9,2,2,0
274007,0,0,0,0,0
274008,0,9,2,1,2
274009,0,0,0,2,4
275000,0,10,2,2,0
275001,0,6,1,0,4
275002,0,0,0,0,4
275003,0,0,0,4,4
275004,1,6,0,4,1
275005,4,0,1,0,2
275006,1,8,1,1,2
275007,0,6,2,4,0
275008,0,0,0,3,0
275009,0,0,2,4,1
276000,0,8,0,3,0
276001,0,10,1,2,0
276002,0,0,1,4,1
276003,0,0,0,3,1
276004,0,0,0,0,4
276005,0,0,0,3,0
276006,0,6,1,0,2
276007,0,0,0,0,2
276008,0,0,1,3,1
276009,0,0,1,3,2
277000,0,0,0,1,3
277001,0,0,0,4,4
277002,0,0,0,3,0
277003,0,0,0,2,4
277004,0,0,2,3,1
277005,0,0,2,1,1
277006,0,0,2,3,2
277007,0,0,1,3,2
277008,0,0,1,3,1
277009,0,0,0,0,2
278000,0,0,1,0,0
278001,0,0,1,4,0
278002,0,0,2,1,4
278003,0,0,2,0,2
278004,0,8,0,4,0
278005,0,7,1,4,2
278006,0,10,2,0,2
278007,0,0,1,1,2
278008,0,0,2,4,2
278009,0,9,1,2,1
279000,3,0,2,4,4
279001,0,0,2,0,3
279002,0,9,0,3,2
279003,0,7,0,4,1
279004,0,7,2,3,2
279005,0,7,2,4,0
279006,0,0,2,3,2
279007,0,10,1,1,2
279008,0,0,1,3,1
279009,0,0,1,0,1
280000,0,0,2,1,1
280001,0,0,2,4,3
280002,0,0,1,3,3
280003,0,0,2,4,3
280004,2,0,2,4,1
280005,0,0,0,2,2
280006,3,0,2,3,1
280007,0,0,2,1,3
280008,0,0,2,1,3
280009,4,7,1,1,1
281000,0,0,2,0,2
281001,0,0,1,1,0
281002,0,0,2,2,3
281003,0,0,0,0,0
281004,0,0,2,0,0
281005,0,0,2,4,1
281006,3,0,0,0,2
281007,0,6,0,2,3
281008,0,7,0,2,0
281009,0,0,1,3,1
282000,0,10,0,1,1
282001,0,0,1,3,4
282002,0,0,1,1,0
282003,0,6,0,3,3
282004,0,0,0,1,0
282005,0,0,2,3,1
282006,0,0,0,1,3
282007,0,0,1,0,1
282008,0,0,1,4,3
282009,0,0,0,2,1
283000,0,0,2,3,3
283001,0,0,2,3,4
283002,0,0,1,3,3
283003,0,0,1,2,2
283004,0,0,1,1,0
283005,0,0,0,0,4
283006,0,0,2,0,3
283007,0,0,0,3,2
283008,0,0,0,0,3
283009,0,0,1,1,3
284000,0,0,0,3,0
284001,4,0,2,3,1
284002,0,8,0,0,0
284003,0,9,0,1,4
284004,3,8,0,1,2
284005,0,0,2,4,2
284006,0,10,1,2,0
284007,0,8,1,0,0
284008,0,0,1,4,3
284009,1,6,1,1,3
285000,0,0,0,2,2
285001,0,6,1,3,3
285002,0,0,2,0,4
285003,0,0,1,4,3
285004,0,0,0,1,1
285005,0,9,2,2,1
285006,0,0,1,1,2
285007,0,9,2,2,1
285008,0,0,1,0,1
285009,0,9,2,0,1
286000,0,0,2,1,2
286001,0,6,0,1,3
286002,0,0,2,3,2
286003,0,8,2,2,2
286004,0,0,1,1,3
286005,0,0,1,2,4
286006,0,0,2,2,3
286007,0,7,0,0,2
286008,0,10,2,0,0
286009,0,6,0,0,2
287000,0,0,1,3,3
287001,1,8,1,4,0
287002,0,0,1,4,3
287003,0,0,0,1,1
287004,0,6,1,0,2
287005,0,0,1,0,1
287006,0,6,1,4,1
287007,0,0,2,4,1
287008,4,0,1,4,1
287009,0,0,1,4,3
288000,0,0,0,3,3
288001,0,7,1,0,0
288002,0,0,1,0,0
288003,3,0,0,2,4
288004,0,0,1,4,0
288005,0,0,2,3,0
288006,3,7,2,1,1
288007,0,9,2,2,0
288008,0,7,1,2,2
288009,0,0,0,1,3
289000,0,0,0,1,4
289001,0,7,2,3,0
289002,0,7,0,2,0
289003,4,8,0,0,0
289004,0,0,1,0,4
289005,0,0,1,1,2
289006,0,6,2,4,2
289007,0,0,1,3,0
289008,0,0,0,0,1
289009,0,0,0,2,4
290000,0,9,0,1,0
290001,0,0,2,0,1
290002,0,0,2,0,1
290003,0,0,2,2,0
290004,0,0,0,3,0
290005,0,0,1,1,1
290006,0,6,1,4,1
290007,0,0,0,2,0
290008,0,0,1,1,0
290009,0,8,2,3,1
291000,0,0,2,1,4
291001,0,6,2,2,3
291002,0,0,0,3,2
291003,0,0,0,1,4
291004,4,9,1,0,0
291005,1,9,1,0,2
291006,3,0,1,1,3
291007,0,0,2,0,2
291008,0,0,1,2,0
291009,0,0,0,1,0
292000,2,7,0,3,0
292001,2,0,2,1,1
292002,0,0,1,1,4
292003,0,0,1,0,2
292004,0,0,2,4,4
292005,4,7,2,1,0
292006,2,0,1,0,4
292007,0,0,2,0,4
292008,0,0,2,0,3
292009,0,9,0,2,0
293000,0,10,0,2,1
293001,0,0,1,0,0
293002,0,6,0,2,0
293003,2,6,0,2,0
293004,0,6,1,2,4
293005,0,8,2,1,2
293006,0,0,0,2,4
293007,0,0,2,4,1
293008,0,8,2,1,0
293009,0,0,0,2,3
294000,0,0,0,1,1
294001,0,8,0,3,3
294002,0,0,0,0,4
294003,3,0,0,4,1
294004,0,0,0,0,4
294005,0,0,2,0,3
294006,0,0,0,3,2
294007,0,0,2,0,1
294008,0,7,0,0,4
294009,0,0,0,1,2
295000,0,9,1,4,0
295001,0,0,2,0,4
295002,0,0,2,0,4
295003,0,0,1,2,4
295004,0,0,2,2,2
295005,0,0,2,4,1
295006,0,7,1,1,1
295007,0,0,0,3,2
295008,0,7,0,4,2
295009,3,0,0,4,0
296000,0,0,2,3,2
296001,0,10,1,0,2
296002,0,0,0,2,0
296003,4,0,2,2,0
296004,0,0,1,0,1
296005,0,0,2,1,0
296006,0,0,0,2,0
296007,0,6,2,4,1
296008,0,0,1,1,3
296009,0,0,0,2,2
297000,1,0,2,2,2
297001,0,0,1,2,1
297002,0,0,2,1,3
297003,0,0,1,2,4
297004,0,0,2,1,4
297005,0,0,0,4,1
297006,0,0,0,0,4
297007,3,0,0,4,3
297008,0,0,2,3,4
297009,0,0,1,2,3
298000,0,0,0,3,0
298001,0,0,1,3,4
298002,1,0,0,4,1
298003,2,0,1,0,2
298004,0,9,0,3,2
298005,4,0,2,3,1
298006,3,0,1,4,3
298007,0,0,2,0,1
298008,1,0,2,2,0
298009,0,0,2,1,3
299000,0,0,1,2,1
299001,0,0,2,3,2
299002,0,0,0,3,0
299003,2,0,0,1,1
299004,0,0,2,1,0
299005,0,9,1,0,1
299006,0,0,1,2,1
299007,3,0,1,2,0
299008,0,0,0,2,1
299009,0,6,2,0,4
300000,0,0,1,3,0
300001,0,0,1,0,0
300002,0,0,1,0,2
300003,0,6,0,3,3
300004,0,6,2,0,4
300005,0,0,0,4,4
300006,4,0,0,3,0
300007,0,0,1,3,0
300008,0,0,0,3,1
300009,0,8,0,0,2
301000,0,0,1,3,1
301001,0,0,0,4,4
301002,2,0,0,3,1
301003,0,0,0,4,3
301004,0,0,1,3,1
301005,0,7,1,1,0
301006,0,7,0,0,3
301007,0,0,2,4,3
301008,0,0,0,2,3
301009,0,0,0,2,0
302000,0,0,0,0,2
302001,0,0,1,1,2
302002,0,0,0,2,0
302003,2,0,0,1,1
302004,2,0,2,3,0
302005,0,0,1,1,2
302006,0,0,1,0,0
302007,0,6,2,0,1
302008,0,0,0,1,1
302009,0,8,2,3,0
303000,0,0,1,2,4
303001,0,0,1,1,2
303002,0,0,2,4,1
303003,0,0,2,3,4
303004,0,0,2,4,1
303005,0,0,0,4,0
303006,0,0,2,1,1
303007,0,6,0,2,4
303008,0,8,1,1,1
303009,0,0,2,0,1
304000,0,0,2,0,0
304001,0,0,2,0,1
304002,0,0,1,0,4
304003,0,0,0,3,2
304004,1,10,1,1,0
304005,0,0,0,3,2
304006,0,10,2,0,0
304007,0,7,2,4,0
304008,3,0,2,0,4
304009,3,0,1,4,0
305000,0,10,2,2,0
305001,0,0,2,1,1
305002,0,0,1,1,4
305003,0,8,1,0,0
305004,0,0,1,2,1
305005,0,0,1,4,0
305006,0,0,0,4,4
305007,0,6,0,1,1
305008,0,9,0,2,1
305009,4,0,2,4,0
306000,0,0,2,2,1
306001,3,0,2,0,2
306002,0,0,1,2,2
306003,0,0,1,3,1
306004,0,0,1,3,3
306005,0,8,2,4,0
306006,0,0,1,2,1
306007,0,0,1,3,2
306008,0,0,2,4,2
306009,0,0,2,3,3
307000,0,6,2,4,2
307001,0,0,1,1,2
307002,0,9,1,3,0
307003,0,0,1,4,4
307004,0,7,2,3,2
307005,3,6,0,0,1
307006,0,6,0,2,2
307007,0,0,2,0,3
307008,0,0,1,1,0
307009,0,0,2,0,2
308000,2,0,2,3,4
308001,0,0,2,0,4
308002,0,6,0,2,3
308003,0,0,1,4,4
308004,2,0,2,0,4
308005,1,0,1,0,0
308006,0,10,2,0,2
308007,0,6,0,1,1
308008,4,0,0,4,4
308009,0,0,1,2,4
309000,0,8,0,0,0
309001,0,0,1,1,0
309002,0,9,2,1,0
309003,0,0,0,2,0
309004,4,0,1,2,2
309005,0,9,0,1,4
309006,2,0,2,1,2
309007,1,0,0,2,1
309008,0,0,1,2,2
309009,0,0,0,0,1
310000,0,7,2,2,2
310001,0,9,1,1,0
310002,0,0,0,4,4
310003,0,0,0,4,3
310004,0,0,1,4,2
310005,0,9,0,4,1
310006,0,0,1,3,4
310007,0,9,2,2,0
310008,0,0,0,1,0
310009,2,6,0,1,3
311000,0,0,2,1,1
311001,0,0,0,0,3
311002,0,0,0,0,3
311003,0,0,2,4,0
311004,4,0,2,3,2
311005,0,0,2,2,2
311006,0,0,1,2,4
311007,0,0,2,3,2
311008,0,0,0,3,1
311009,4,0,0,1,4
312000,0,0,2,1,4
312001,1,0,1,4,3
312002,0,0,0,1,1
312003,0,7,1,1,3
312004,0,0,0,0,0
312005,0,0,0,4,2
312006,0,10,1,0,1
312007,0,0,0,2,4
312008,3,0,1,1,0
312009,0,0,1,0,4
313000,0,0,0,4,0
313001,0,9,2,0,3
313002,0,0,2,3,0
313003,0,0,2,0,2
313004,0,0,1,2,3
313005,0,9,0,1,2
313006,0,0,2,0,0
313007,0,0,1,3,2
313008,4,0,0,1,1
313009,1,0,0,3,4
314000,0,0,2,1,1
314001,0,0,0,2,0
314002,0,0,1,1,2
314003,0,0,2,3,3
314004,0,0,1,1,0
314005,1,0,0,0,1
314006,0,7,0,4,3
314007,0,0,2,4,0
314008,0,10,0,4,0
314009,0,0,2,3,4
315000,0,0,2,0,3
315001,0,0,0,0,0
315002,0,0,0,3,3
315003,0,0,0,0,2
315004,0,0,1,1,4
315005,0,0,2,2,1
315006,2,0,0,0,4
315007,0,0,0,2,2
315008,0,9,2,3,0
315009,0,0,2,3,3
316000,0,9,2,3,0
316001,0,6,2,0,3
316002,0,0,1,2,3
316003,0,0,0,0,0
316004,0,0,2,0,2
316005,0,0,1,2,4
316006,0,10,2,2,0
316007,0,0,2,3,2
316008,0,9,2,2,0
316009,1,0,2,1,2
317000,0,6,2,0,2
317001,0,0,2,4,4
317002,0,10,0,2,2
317003,0,0,2,3,2
317004,0,0,1,0,0
317005,0,9,2,0,1
317006,0,0,1,4,1
317007,0,0,0,0,1
317008,3,10,0,1,0
317009,0,0,2,4,0
318000,0,0,0,2,4
318001,1,0,2,4,0
318002,0,0,1,0,2
318003,3,6,1,3,0
318004,0,0,1,3,4
318005,0,6,1,2,3
318006,0,0,1,0,4
318007,0,0,0,3,1
318008,0,7,1,4,2
318009,0,10,2,1,1
319000,0,0,0,3,3
319001,0,0,1,3,0
319002,0,7,0,0,2
319003,0,10,1,3,0
319004,3,0,0,4,4
319005,0,9,0,3,2
319006,0,0,1,4,0
319007,0,0,2,1,4
319008,0,0,1,4,3
319009,0,0,1,2,3
320000,2,0,0,2,2
320001,0,0,0,0,4
320002,0,0,1,4,2
320003,0,9,1,1,2
320004,0,0,1,2,0
320005,0,0,2,0,3
320006,0,0,1,3,2
320007,0,0,2,0,3
320008,0,7,1,3,0
320009,0,0,0,2,2
321000,0,6,1,1,1
321001,0,0,2,1,2
321002,2,0,0,3,4
321003,0,7,0,2,1
321004,0,7,1,0,4
321005,0,0,2,2,3
321006,4,7,2,1,0
321007,0,0,1,1,3
321008,4,7,0,1,1
321009,0,0,2,2,1
322000,0,0,1,0,4
322001,2,0,1,0,4
322002,3,0,0,1,3
322003,0,6,2,3,0
322004,0,0,2,0,2
322005,1,0,2,2,3
322006,0,0,2,0,1
322007,0,0,1,0,3
322008,0,9,0,1,1
322009,0,0,1,4,3
323000,0,0,1,3,4
323001,3,0,2,4,0
323002,1,0,2,2,4
323003,0,0,2,2,2
323004,0,0,1,1,2
323005,0,0,1,2,3
323006,0,7,0,4,1
323007,0,0,1,4,3
323008,0,0,2,0,1
323009,0,0,1,1,0
324000,0,0,1,1,4
324001,0,0,2,0,4
324002,0,9,2,3,0
324003,0,0,1,0,0
324004,0,0,0,3,2
324005,0,6,1,0,4
324006,3,0,1,1,2
324007,0,0,2,0,0
324008,0,0,0,1,1
324009,0,8,0,0,1
325000,0,0,2,3,2
325001,0,0,1,1,1
325002,0,0,2,2,1
325003,4,10,0,0,0
325004,0,0,1,4,2
325005,0,10,1,3,0
325006,0,8,0,3,3
325007,0,0,1,2,2
325008,0,0,0,4,2
325009,0,6,2,0,0
326000,0,0,2,2,0
326001,0,7,0,4,0
326002,0,9,2,2,1
326003,0,0,0,2,1
326004,2,0,0,4,1
326005,0,0,0,4,2
326006,0,7,2,0,4
326007,0,0,2,0,4
326008,0,0,0,3,4
326009,0,0,1,1,4
327000,0,9,2,1,2
327001,0,0,0,0,2
327002,0,7,0,4,3
327003,1,0,2,4,2
327004,1,0,2,3,0
327005,0,7,0,0,0
327006,0,0,2,1,2
327007,0,0,0,2,4
327008,0,0,1,0,1
327009,1,0,1,3,4
328000,0,0,0,1,2
328001,0,0,0,2,3
328002,1,10,0,3,0
328003,0,7,2,2,2
328004,2,0,2,3,1
328005,4,0,1,3,0
328006,0,0,0,3,0
328007,0,0,2,2,1
328008,0,0,1,1,1
328009,0,6,0,1,3
329000,0,0,2,4,4
329001,0,0,0,4,4
329002,0,0,0,1,1
329003,1,0,1,4,0
329004,3,0,2,4,0
329005,0,0,0,0,2
329006,0,0,1,0,3
329007,0,0,1,2,4
329008,0,0,2,0,1
329009,0,0,2,1,1
330000,0,0,2,3,4
330001,0,0,1,0,0
330002,0,0,1,2,4
330003,0,0,0,1,0
330004,0,0,0,0,2
330005,0,0,1,2,4
330006,0,0,0,4,4
330007,3,0,0,1,3
330008,0,0,2,0,3
330009,1,0,1,2,3
331000,0,0,2,0,4
331001,0,0,0,3,1
331002,0,0,2,0,2
331003,3,10,1,0,0
331004,0,0,0,4,1
331005,0,0,2,0,1
331006,0,0,1,2,0
331007,0,0,1,4,4
331008,3,0,2,2,1
331009,0,7,1,3,3
332000,0,10,1,0,3
332001,3,0,2,4,2
332002,0,0,1,4,2
332003,0,0,0,2,1
332004,0,0,1,2,1
332005,0,0,1,4,3
332006,3,10,0,0,0
332007,0,0,1,2,1
332008,0,0,1,1,0
332009,0,0,0,3,4
333000,4,0,0,1,2
333001,0,0,1,3,2
333002,0,0,2,2,0
333003,0,0,0,2,2
333004,0,9,1,0,1
333005,4,0,2,0,0
333006,3,0,1,3,3
333007,0,0,2,2,3
333008,0,0,1,3,4
333009,0,0,2,0,0
334000,2,0,1,0,3
334001,0,0,2,4,3
334002,2,9,2,0,1
334003,0,0,0,1,3
334004,0,0,2,4,1
334005,0,0,2,0,4
334006,1,0,0,0,1
334007,0,7,1,2,2
334008,0,8,0,4,2
334009,0,0,0,4,3
335000,0,9,2,2,1
335001,0,8,2,1,3
335002,0,0,2,1,2
335003,0,0,1,0,0
335004,0,0,2,1,1
335005,0,0,0,0,0
335006,0,0,0,3,2
335007,0,8,2,4,0
335008,0,8,1,2,2
335009,1,0,2,3,1
336000,0,0,0,4,2
336001,3,0,2,2,4
336002,0,0,1,4,4
336003,0,0,2,4,4
336004,0,0,1,3,4
336005,0,0,1,2,1
336006,0,6,1,2,4
336007,4,0,2,1,0
336008,0,0,1,0,1
336009,0,0,0,4,3
337000,0,8,1,0,0
337001,0,0,2,1,0
337002,0,0,0,0,1
337003,0,0,1,1,4
337004,0,0,1,4,0
337005,0,0,2,4,2
337006,0,0,2,0,3
337007,0,0,2,0,0
337008,0,0,2,3,4
337009,0,0,0,0,1
338000,0,6,0,2,1
338001,0,0,1,4,1
338002,0,10,2,1,0
338003,0,0,0,2,2
338004,0,0,1,2,1
338005,0,0,1,4,4
338006,0,0,0,3,0
338007,2,0,0,4,0
338008,0,6,0,4,1
338009,0,0,1,3,3
339000,0,10,2,2,0
339001,0,0,1,0,3
339002,1,0,1,0,2
339003,0,0,1,1,0
339004,4,0,2,2,4
339005,0,0,0,1,3
339006,0,0,2,4,4
339007,4,0,1,4,2
339008,0,9,2,2,1
339009,0,0,2,1,4
340000,0,0,2,0,1
340001,0,0,0,0,0
340002,0,8,0,1,4
340003,0,0,0,2,3
340004,1,9,2,2,0
340005,0,0,0,4,0
340006,1,8,2,3,0
340007,0,0,1,4,3
340008,1,0,2,3,2
340009,0,8,2,1,2
341000,0,0,0,3,1
341001,0,0,2,3,3
341002,0,0,1,0,4
341003,0,0,2,1,3
341004,0,0,2,0,4
341005,0,0,2,3,2
341006,0,0,1,1,2
341007,0,7,2,2,1
341008,0,0,1,2,4
341009,0,0,2,0,0
342000,4,0,0,2,0
342001,0,0,0,3,2
342002,0,0,2,4,4
342003,1,10,2,1,0
342004,0,0,2,2,3
342005,0,0,2,1,1
342006,4,7,1,0,0
342007,0,0,1,4,4
342008,0,0,1,3,1
342009,0,0,1,4,0
343000,0,0,0,4,2
343001,0,0,0,0,0
343002,0,0,2,4,1
343003,0,0,1,1,2
343004,0,8,1,4,1
343005,3,0,2,0,1
343006,4,0,2,4,4
343007,0,0,0,3,2
343008,4,8,1,0,1
343009,0,0,2,0,2
344000,0,8,1,2,2
344001,0,0,2,4,0
344002,0,0,0,4,3
344003,0,8,1,0,0
344004,0,0,0,3,4
344005,0,0,0,4,3
344006,0,0,2,3,3
344007,1,0,0,3,3
344008,0,0,1,0,4
344009,0,0,1,3,4
345000,2,0,1,3,2
345001,0,0,0,4,0
345002,0,9,0,0,3
345003,0,0,0,1,3
345004,0,0,0,0,3
345005,2,0,2,0,2
345006,0,0,0,0,3
345007,2,0,1,1,4
345008,0,8,1,0,1
345009,0,0,1,4,1
346000,0,0,1,1,1
346001,0,0,2,4,1
346002,0,0,0,1,4
346003,0,0,0,1,3
346004,1,0,0,3,4
346005,0,0,1,2,3
346006,0,0,0,3,3
346007,0,8,0,3,0
346008,0,7,0,3,4
346009,4,0,1,4,0
347000,1,10,2,1,0
347001,0,10,2,1,0
347002,2,7,1,3,0
347003,0,0,1,4,0
347004,0,0,2,0,1
347005,0,0,0,1,0
347006,0,0,2,1,4
347007,0,0,0,4,2
347008,0,0,0,4,2
347009,0,0,1,3,4
348000,0,8,0,2,2
348001,0,0,1,2,1
348002,0,7,2,1,4
348003,0,8,0,2,3
348004,1,0,0,3,1
348005,0,0,0,0,2
348006,0,0,1,0,1
348007,0,0,2,0,3
348008,0,0,0,3,4
348009,0,0,1,3,2
349000,0,0,1,4,2
349001,0,0,0,2,3
349002,0,7,1,2,3
349003,0,0,1,1,2
349004,0,8,1,1,1
349005,0,7,1,0,0
349006,0,10,2,0,2
349007,0,0,2,4,3
349008,0,0,1,1,4
349009,0,7,0,1,4
350000,0,0,2,0,1
350001,0,0,2,1,0
350002,0,0,2,3,0
350003,0,0,2,3,2
350004,0,0,2,4,3
350005,0,0,0,0,2
350006,1,0,2,4,3
350007,0,0,2,4,0
350008,0,0,0,3,4
350009,0,0,0,1,2
351000,0,0,1,1,0
351001,0,7,2,2,3
351002,0,0,2,0,4
351003,0,6,1,1,2
351004,0,0,2,3,1
351005,0,0,2,0,3
351006,0,0,0,3,2
351007,4,0,1,3,1
351008,0,0,2,2,0
351009,0,0,0,0,2
352000,2,0,1,0,0
352001,0,0,0,0,1
352002,0,0,2,4,3
352003,0,0,2,4,2
352004,0,6,2,2,3
352005,3,0,0,1,3
352006,2,9,0,3,0
352007,0,9,2,2,0
352008,0,0,1,1,4
352009,3,0,0,1,0
353000,0,8,0,0,0
353001,1,0,2,1,4
353002,0,10,2,2,0
353003,0,8,0,4,1
353004,0,0,2,1,2
353005,0,0,0,1,4
353006,0,0,1,1,1
353007,0,0,2,0,1
353008,0,6,2,1,1
353009,0,0,2,0,0
354000,0,0,0,3,4
354001,0,6,0,3,2
354002,0,0,0,2,3
354003,0,0,2,0,4
354004,0,6,1,3,4
354005,0,0,2,4,3
354006,4,0,2,4,3
354007,2,0,2,3,3
354008,0,0,2,1,2
354009,0,6,0,3,4
355000,0,0,2,4,3
355001,0,0,2,4,1
355002,0,0,0,4,4
355003,0,9,1,1,1
355004,0,9,2,2,0
355005,0,0,0,4,4
355006,0,9,0,2,2
355007,0,9,0,4,0
355008,0,0,2,1,3
355009,4,0,0,1,2
356000,0,6,0,0,1
356001,3,0,0,1,4
356002,0,10,2,2,0
356003,0,0,0,2,3
356004,0,0,2,4,1
356005,0,0,0,1,0
356006,0,0,0,4,4
356007,0,0,1,4,3
356008,0,0,0,1,1
356009,3,10,1,0,0
357000,0,0,0,4,3
357001,0,0,2,0,3
357002,0,0,1,1,4
357003,0,0,0,2,1
357004,0,8,2,1,2
357005,4,0,0,3,4
357006,0,0,2,2,2
357007,0,0,1,3,3
357008,0,0,1,4,4
357009,0,0,2,2,4
358000,0,0,2,1,2
358001,0,0,1,0,0
358002,2,7,2,0,0
358003,0,8,1,4,1
358004,0,7,1,1,2
358005,0,0,1,2,1
358006,0,0,0,2,4
358007,0,8,1,4,1
358008,0,0,2,4,2
358009,0,0,1,4,3
359000,0,0,2,4,3
359001,3,0,2,0,1
359002,0,0,0,3,2
359003,0,0,0,1,1
359004,0,0,1,2,4
359005,0,0,0,0,3
359006,0,6,0,2,3
359007,0,0,0,0,0
359008,0,0,0,1,2
359009,0,9,1,1,0
360000,0,7,1,3,0
360001,1,7,1,4,1
360002,0,0,2,4,1
360003,0,0,0,3,1
360004,2,0,0,3,0
360005,0,0,2,2,3
360006,1,0,1,2,2
360007,0,0,0,2,1
360008,0,0,2,4,3
360009,0,0,1,4,1
361000,0,0,1,3,3
361001,0,6,0,3,4
361002,0,0,1,0,0
361003,0,0,2,4,3
361004,1,0,1,2,0
361005,0,0,2,4,2
361006,0,6,2,3,1
361007,0,9,0,1,1
361008,0,6,2,3,3
361009,0,8,0,3,0
362000,0,0,1,4,4
362001,0,10,2,0,0
362002,0,10,2,2,0
362003,0,0,1,3,1
362004,0,0,2,2,3
362005,0,0,1,0,1
362006,0,0,1,0,4
362007,0,6,1,2,3
362008,0,0,0,1,0
362009,0,0,2,4,4
363000,0,10,2,0,2
363001,0,0,1,0,0
363002,0,0,0,1,4
363003,0,10,0,3,0
363004,0,0,2,0,3
363005,0,9,1,2,2
363006,0,9,2,3,0
363007,0,0,0,4,4
363008,0,7,1,2,0
363009,0,0,0,2,1
364000,4,8,2,0,0
364001,0,0,2,4,4
364002,0,0,2,0,2
364003,0,0,1,1,1
364004,0,0,0,2,1
364005,0,0,1,3,1
364006,0,7,1,2,2
364007,0,0,1,1,4
364008,0,10,1,1,0
364009,0,0,0,3,1
365000,1,0,2,2,4
365001,0,0,0,4,4
365002,0,8,0,4,1
365003,0,0,0,0,4
365004,0,0,2,0,0
365005,0,0,2,2,4
365006,0,0,2,1,3
365007,0,9,2,0,3
365008,0,0,2,2,0
365009,0,0,2,3,2
366000,1,0,0,2,4
366001,0,0,0,4,3
366002,0,8,0,1,2
366003,1,9,2,1,1
366004,0,0,2,3,4
366005,0,6,1,2,2
366006,0,0,1,3,4
366007,0,0,2,1,4
366008,0,0,0,1,3
366009,0,0,0,4,4
367000,0,10,0,0,1
367001,0,7,0,3,1
367002,4,0,1,2,3
367003,0,0,0,3,1
367004,2,10,2,0,0
367005,0,0,2,2,4
367006,0,0,1,0,1
367007,1,0,2,4,0
367008,1,7,2,1,1
367009,0,8,0,4,0
368000,0,8,2,1,1
368001,0,0,2,4,2
368002,0,0,0,4,3
368003,0,0,1,2,2
368004,4,0,2,3,3
368005,0,0,0,2,1
368006,0,10,0,1,3
368007,0,0,2,1,3
368008,0,7,1,3,3
368009,0,6,1,4,1
369000,0,0,2,0,0
369001,0,9,2,1,2
369002,0,7,0,3,3
369003,0,0,0,2,4
369004,1,7,2,1,3
369005,0,0,1,4,3
369006,0,0,1,2,1
369007,0,6,1,3,2
369008,0,7,1,0,0
369009,0,0,2,0,4
