spendings_id,food_drinks,clothes,entertainment,others
5000,200,0,1761,0
5001,335,0,396,54
5002,54,0,0,225
5003,472,0,433,0
5004,0,0,69,0
5005,481,0,0,160
5006,17,0,2,1070
5007,0,0,15,286
5008,0,0,186,0
5009,220,25,229,42
6000,66,0,98,0
6001,208,223,0,0
6002,266,0,0,24
6003,412,0,43,282
6004,382,0,292,886
6005,0,0,0,275
6006,0,0,119,0
6007,0,0,0,213
6008,4453,304,3806,300
6009,0,193,97,248
7000,0,0,0,236
7001,321,0,0,77
7002,0,0,0,287
7003,20,0,0,0
7004,188,43,0,0
7005,0,0,0,56
7006,19,0,79,0
7007,0,0,921,104
7008,0,0,0,196
7009,480,0,447,83
8000,0,0,0,0
8001,0,0,0,224
8002,355,0,0,105
8003,54,0,499,249
8004,46,0,0,245
8005,0,160,227,114
8006,225,0,228,0
8007,0,0,158,238
8008,425,0,1589,0
8009,0,53,252,0
9000,296,0,13,141
9001,0,0,0,18
9002,18,0,207,170
9003,366,0,0,250
9004,1,0,0,215
9005,352,431,356,175
9006,185,4802,0,117
9007,0,0,138,261
9008,364,0,0,237
9009,248,0,0,0
10000,109,294,0,187
10001,0,0,238,237
10002,0,0,298,35
10003,57,121,203,77
10004,0,0,0,105
10005,78,101,0,0
10006,0,450,0,0
10007,111,0,0,59
10008,499,0,0,1112
10009,422,0,0,0
11000,327,387,89,896
11001,23,179,0,783
11002,0,4160,0,783
11003,0,0,252,117
11004,209,325,0,519
11005,460,0,0,270
11006,266,0,0,180
11007,0,0,182,161
11008,173,0,253,797
11009,0,204,13,12
12000,29,286,384,0
12001,496,0,76,11
12002,0,27,361,163
12003,0,0,297,254
12004,0,0,455,242
12005,0,0,0,14
12006,357,0,0,89
12007,0,182,0,247
12008,0,0,445,383
12009,40,0,0,160
13000,399,0,483,2
13001,0,287,0,275
13002,240,334,196,301
13003,314,0,0,166
13004,183,0,0,1116
13005,289,0,0,73
13006,75,0,0,618
13007,0,0,2083,0
13008,0,0,392,264
13009,0,0,472,122
14000,0,87,0,603
14001,13,0,128,0
14002,0,419,0,114
14003,0,0,4449,241
14004,169,425,0,219
14005,199,94,328,0
14006,230,2526,423,265
14007,0,349,271,0
14008,0,0,0,300
14009,0,0,18,247
15000,364,0,0,183
15001,0,379,0,124
15002,0,0,212,267
15003,0,0,0,909
15004,270,39,0,134
15005,0,0,0,292
15006,0,490,0,15
15007,8,492,309,116
15008,115,0,0,12
15009,148,0,97,93
16000,116,197,0,0
16001,340,0,17,275
16002,225,0,138,0
16003,0,0,0,198
16004,0,269,347,1054
16005,2188,0,431,1
16006,466,117,0,74
16007,62,0,0,176
16008,158,0,214,0
16009,44,488,0,157
17000,182,0,418,281
17001,0,169,0,0
17002,3943,0,0,3
17003,490,0,0,238
17004,202,0,0,264
17005,0,0,299,0
17006,0,20,0,226
17007,0,0,46,0
17008,329,25,2940,920
17009,0,0,14,0
18000,311,0,0,177
18001,416,0,0,209
18002,344,0,177,22
18003,0,13,0,264
18004,228,0,460,11
18005,0,0,413,131
18006,0,12,367,29
18007,0,311,0,29
18008,159,1035,0,95
18009,0,0,187,144
19000,327,0,158,0
19001,431,65,0,0
19002,172,342,0,0
19003,440,155,0,208
19004,0,292,230,0
19005,226,0,1662,56
19006,122,0,0,0
19007,449,237,248,0
19008,218,0,152,0
19009,265,0,0,202
20000,300,25,0,659
20001,8,0,0,262
20002,0,2192,0,226
20003,0,0,121,164
20004,334,0,0,129
20005,0,0,477,231
20006,0,0,0,0
20007,0,444,0,126
20008,0,0,0,0
20009,0,0,0,247
21000,0,0,0,0
21001,0,0,430,142
21002,171,0,2317,86
21003,360,203,241,211
21004,134,0,3335,284
21005,208,0,0,250
21006,423,399,0,1043
21007,421,0,257,272
21008,255,0,228,0
21009,0,0,205,294
22000,70,287,356,65
22001,35,0,0,1072
22002,0,86,185,146
22003,398,0,0,30
22004,122,0,93,183
22005,0,0,380,0
22006,0,0,329,287
22007,3328,0,0,0
22008,199,0,0,169
22009,34,456,0,273
23000,317,404,0,13
23001,266,0,95,269
23002,17,449,0,171
23003,367,0,0,98
23004,0,352,0,57
23005,0,0,223,123
23006,0,268,0,79
23007,145,0,183,0
23008,122,414,0,254
23009,0,0,0,0
24000,388,267,0,68
24001,387,0,2257,148
24002,0,484,332,0
24003,0,0,0,109
24004,474,0,0,103
24005,393,165,0,233
24006,0,90,206,0
24007,0,1265,1636,284
24008,454,341,25,259
24009,465,327,3944,122
25000,58,0,180,100
25001,0,352,50,289
25002,0,0,311,136
25003,0,0,218,0
25004,0,298,0,0
25005,464,377,369,172
25006,0,17,43,149
25007,25,248,0,138
25008,182,93,0,141
25009,399,0,0,0
26000,0,381,0,1072
26001,0,65,0,119
26002,109,0,96,0
26003,0,318,0,0
26004,155,349,0,96
26005,0,0,1402,237
26006,385,0,0,198
26007,0,0,0,5
26008,0,0,10,262
26009,0,0,0,0
27000,105,0,52,225
27001,250,0,2308,261
27002,298,401,0,0
27003,422,137,226,252
27004,424,161,0,0
27005,0,0,0,0
27006,0,0,0,238
27007,0,219,317,115
27008,0,0,0,0
27009,0,0,0,141
28000,0,296,0,289
28001,0,32,0,103
28002,402,22,0,228
28003,0,0,84,262
28004,342,0,0,2
28005,125,0,0,873
28006,0,0,0,27
28007,0,0,0,10
28008,0,0,0,190
28009,0,144,0,250
29000,127,0,135,244
29001,253,0,0,228
29002,0,0,0,741
29003,0,0,0,168
29004,0,391,386,2
29005,483,0,0,285
29006,0,254,132,969
29007,1553,354,255,0
29008,1940,0,0,177
29009,170,194,203,284
30000,21,0,444,135
30001,36,0,0,62
30002,0,126,0,0
30003,0,0,859,74
30004,0,0,367,0
30005,0,271,0,135
30006,437,0,0,529
30007,1,0,247,51
30008,0,4923,4827,129
30009,0,0,0,176
31000,355,0,1962,0
31001,90,129,0,14
31002,70,222,262,56
31003,3566,0,172,157
31004,234,496,195,255
31005,1216,0,0,237
31006,23,0,0,0
31007,142,0,0,20
31008,345,0,0,47
31009,107,0,105,0
32000,1280,0,209,164
32001,1896,304,247,289
32002,152,0,2,46
32003,42,0,214,250
32004,0,0,0,195
32005,334,0,140,55
32006,0,0,0,137
32007,24,0,0,753
32008,79,0,7,292
32009,0,93,141,0
33000,0,0,417,0
33001,0,0,322,56
33002,0,0,0,162
33003,308,0,0,0
33004,0,0,0,122
33005,0,126,275,58
33006,0,120,0,21
33007,0,0,259,1217
33008,0,0,0,172
33009,350,351,0,929
34000,0,0,197,0
34001,84,0,208,245
34002,107,0,0,185
34003,128,0,0,0
34004,0,0,0,193
34005,81,183,0,0
34006,0,0,129,0
34007,118,313,431,64
34008,418,0,114,4
34009,0,0,214,32
35000,466,0,0,234
35001,170,0,5,218
35002,0,1498,0,726
35003,44,156,2435,0
35004,385,0,0,285
35005,0,39,4977,263
35006,441,0,0,107
35007,0,0,211,0
35008,186,380,0,0
35009,464,0,283,15
36000,0,0,0,137
36001,0,326,0,0
36002,369,0,433,291
36003,238,0,323,104
36004,3619,0,490,111
36005,0,0,0,131
36006,11,0,208,41
36007,66,0,0,0
36008,286,0,269,257
36009,352,0,0,518
37000,52,0,0,19
37001,0,235,0,123
37002,0,328,0,0
37003,324,0,4,290
37004,4988,0,0,96
37005,248,0,2115,0
37006,0,105,171,0
37007,0,0,430,240
37008,0,492,1511,2
37009,124,0,0,257
38000,0,480,0,208
38001,167,0,432,113
38002,37,394,0,0
38003,260,0,2675,751
38004,118,0,395,0
38005,0,432,482,0
38006,0,2568,64,240
38007,0,0,4452,0
38008,181,32,295,3
38009,0,47,217,0
39000,72,345,4,112
39001,99,2041,0,119
39002,493,0,0,0
39003,247,411,0,22
39004,68,0,0,52
39005,0,0,0,111
39006,17,0,427,31
39007,5320,0,0,0
39008,0,0,0,288
39009,0,0,0,185
40000,0,0,0,0
40001,189,0,3536,261
40002,149,0,146,281
40003,207,0,154,0
40004,230,0,410,0
40005,0,0,345,0
40006,407,330,0,147
40007,72,0,4,242
40008,292,0,127,0
40009,0,0,1323,0
41000,285,128,319,99
41001,435,0,0,191
41002,318,134,0,0
41003,0,0,0,199
41004,383,0,0,36
41005,156,0,0,129
41006,0,0,0,135
41007,258,0,16,148
41008,77,157,0,197
41009,0,194,0,65
42000,0,0,0,212
42001,397,0,0,0
42002,438,0,227,258
42003,319,44,0,206
42004,480,39,0,198
42005,360,289,181,0
42006,0,331,19,65
42007,62,0,300,184
42008,3,0,0,269
42009,495,493,0,191
43000,0,458,21,252
43001,0,0,71,105
43002,235,0,366,105
43003,59,0,117,203
43004,429,0,36,76
43005,23,93,0,0
43006,0,0,0,0
43007,323,346,0,10
43008,0,0,2483,178
43009,280,0,367,255
44000,426,0,370,236
44001,486,0,360,201
44002,309,464,0,743
44003,163,340,488,0
44004,290,0,0,156
44005,0,0,280,33
44006,0,432,0,1
44007,56,0,0,202
44008,204,0,0,99
44009,414,0,0,0
45000,214,0,0,172
45001,477,0,177,0
45002,123,0,0,97
45003,355,0,499,187
45004,257,18,248,964
45005,119,312,492,1032
45006,0,0,0,70
45007,219,1,0,60
45008,252,287,0,227
45009,0,59,225,63
46000,0,103,0,45
46001,167,0,2308,148
46002,18,445,0,202
46003,111,272,0,88
46004,446,0,449,0
46005,0,0,58,87
46006,172,0,0,0
46007,163,148,0,138
46008,236,283,0,25
46009,430,0,0,0
47000,261,0,89,107
47001,0,0,0,64
47002,59,0,4,217
47003,0,0,45,0
47004,120,486,0,0
47005,139,0,0,81
47006,0,0,0,39
47007,102,199,0,68
47008,296,0,0,179
47009,0,0,0,0
48000,257,0,431,228
48001,312,0,0,0
48002,72,0,0,0
48003,3536,0,0,37
48004,230,0,826,212
48005,386,0,0,88
48006,351,0,61,260
48007,0,0,0,193
48008,375,105,0,976
48009,418,0,0,206
49000,0,0,0,274
49001,0,0,190,103
49002,119,0,490,0
49003,394,182,173,162
49004,1216,0,108,245
49005,478,0,426,179
49006,285,0,0,73
49007,430,0,0,229
49008,320,0,0,0
49009,0,0,0,258
50000,91,0,79,103
50001,0,0,0,22
50002,353,0,0,702
50003,187,0,154,221
50004,247,360,0,20
50005,211,0,0,77
50006,3,0,0,647
50007,0,0,0,31
50008,0,0,268,232
50009,0,0,0,0
51000,26,0,0,246
51001,138,0,427,151
51002,473,0,0,38
51003,449,0,0,0
51004,0,272,1996,54
51005,377,0,439,237
51006,311,0,0,250
51007,0,1724,240,66
51008,4,273,376,170
51009,208,0,0,0
52000,0,0,0,219
52001,0,0,445,166
52002,322,0,0,0
52003,403,0,0,0
52004,471,0,0,65
52005,192,0,341,118
52006,0,477,131,99
52007,0,0,1984,142
52008,60,0,234,116
52009,393,0,471,0
53000,0,0,91,290
53001,0,0,2114,106
53002,19,0,0,563
53003,428,0,0,63
53004,295,0,0,125
53005,159,1951,0,115
53006,62,361,0,173
53007,0,125,0,146
53008,3099,0,12,0
53009,0,0,324,141
54000,440,0,450,407
54001,79,0,142,289
54002,272,0,0,0
54003,142,0,266,125
54004,247,0,493,191
54005,287,0,0,208
54006,0,103,0,0
54007,0,0,0,19
54008,488,0,0,287
54009,0,341,0,882
55000,53,0,0,28
55001,0,0,4250,140
55002,86,0,0,0
55003,214,2855,0,113
55004,150,66,0,0
55005,57,0,0,288
55006,0,46,3767,286
55007,94,168,0,0
55008,0,0,340,273
55009,0,0,424,0
56000,0,0,0,282
56001,78,0,85,275
56002,4564,0,1598,187
56003,0,0,0,0
56004,476,0,187,0
56005,0,0,0,638
56006,0,0,13,123
56007,0,331,302,0
56008,0,0,101,0
56009,0,0,0,16
57000,64,488,0,0
57001,304,0,0,295
57002,247,0,0,0
57003,220,0,0,0
57004,434,0,0,0
57005,347,441,0,0
57006,373,114,0,0
57007,0,0,0,169
57008,422,240,0,259
57009,0,103,0,795
58000,360,0,0,0
58001,384,0,0,331
58002,0,0,0,66
58003,0,0,0,0
58004,124,0,0,187
58005,0,0,0,97
58006,0,0,0,0
58007,0,237,481,51
58008,497,241,368,83
58009,280,0,131,0
59000,119,0,137,263
59001,322,0,0,192
59002,404,0,300,149
59003,438,0,4120,180
59004,0,0,0,221
59005,248,0,0,0
59006,268,60,372,155
59007,0,0,383,193
59008,0,341,462,69
59009,430,248,308,174
60000,404,0,68,139
60001,32,0,0,1073
60002,365,0,38,0
60003,0,0,0,0
60004,48,0,0,154
60005,246,0,11,0
60006,0,0,0,18
60007,0,35,472,1012
60008,304,0,1594,290
60009,354,261,0,288
61000,0,0,0,40
61001,0,140,489,0
61002,0,74,114,0
61003,457,387,345,248
61004,0,640,0,0
61005,0,0,447,113
61006,276,0,0,941
61007,0,0,0,182
61008,0,427,0,70
61009,307,0,0,244
62000,0,20,0,275
62001,288,0,0,269
62002,296,0,0,292
62003,381,0,117,9
62004,0,322,0,0
62005,0,0,0,15
62006,441,0,144,184
62007,0,0,331,168
62008,465,109,0,0
62009,464,497,278,0
63000,156,0,0,45
63001,40,0,0,106
63002,0,466,0,129
63003,154,209,498,242
63004,227,0,0,281
63005,483,0,135,772
63006,17,0,471,217
63007,251,0,0,0
63008,264,0,0,262
63009,121,330,3250,0
64000,0,0,328,1192
64001,0,142,0,0
64002,47,0,0,96
64003,98,468,0,164
64004,2164,380,133,0
64005,428,0,0,1055
64006,93,374,0,33
64007,0,0,32,431
64008,15,0,0,223
64009,330,3428,0,35
65000,297,0,278,123
65001,258,0,292,97
65002,141,0,431,196
65003,114,143,4706,0
65004,398,0,0,179
65005,114,170,220,290
65006,0,134,0,59
65007,0,0,2572,886
65008,469,0,259,997
65009,137,0,159,207
66000,83,0,0,0
66001,0,0,0,235
66002,0,348,0,144
66003,174,246,0,0
66004,215,0,413,0
66005,0,0,0,0
66006,350,0,429,28
66007,0,0,214,190
66008,15,0,0,221
66009,0,3645,211,1031
67000,0,24,0,29
67001,94,478,0,263
67002,0,152,33,229
67003,8,0,0,203
67004,0,171,0,16
67005,210,0,0,137
67006,383,43,484,54
67007,0,0,0,0
67008,0,488,199,269
67009,0,307,259,0
68000,0,0,285,0
68001,242,0,0,69
68002,0,1951,263,9
68003,951,0,375,236
68004,129,200,494,275
68005,87,182,295,222
68006,7,0,0,175
68007,0,0,138,237
68008,362,146,0,366
68009,197,0,0,0
69000,0,0,0,41
69001,0,0,350,91
69002,224,25,0,226
69003,349,0,0,26
69004,0,0,0,0
69005,0,95,402,111
69006,409,0,4824,224
69007,0,0,0,105
69008,0,0,0,0
69009,2788,291,0,81
70000,244,0,1831,71
70001,0,0,25,0
70002,0,0,335,275
70003,0,401,83,0
70004,21,0,230,159
70005,0,0,0,151
70006,345,0,130,146
70007,0,0,0,0
70008,317,260,0,194
70009,47,0,25,234
71000,444,0,0,209
71001,235,4320,406,0
71002,273,116,0,124
71003,0,0,0,0
71004,232,342,0,155
71005,192,0,0,17
71006,0,0,237,289
71007,0,0,404,290
71008,0,0,0,0
71009,456,12,0,341
72000,0,0,0,218
72001,0,0,0,139
72002,0,0,0,467
72003,339,0,485,196
72004,442,0,2930,190
72005,0,499,0,165
72006,0,0,0,34
72007,0,0,0,261
72008,0,0,1398,0
72009,0,0,0,7
73000,1876,0,0,152
73001,353,158,0,145
73002,0,0,0,38
73003,418,0,380,55
73004,155,0,0,0
73005,0,216,249,0
73006,400,298,40,0
73007,0,437,41,40
73008,0,0,286,143
73009,0,0,0,0
74000,0,4819,111,0
74001,407,131,0,0
74002,372,0,22,0
74003,0,0,0,0
74004,772,0,0,192
74005,0,0,1582,125
74006,467,350,0,10
74007,458,0,85,178
74008,376,0,0,70
74009,251,0,0,74
75000,171,0,0,86
75001,278,107,0,231
75002,0,0,440,866
75003,0,0,0,236
75004,0,330,0,0
75005,244,315,0,268
75006,63,0,257,28
75007,471,329,4751,263
75008,176,0,0,59
75009,0,0,156,0
76000,0,0,170,1207
76001,366,0,0,0
76002,175,0,167,0
76003,848,0,0,295
76004,493,0,0,1133
76005,0,0,234,158
76006,0,2061,103,235
76007,0,335,0,0
76008,213,0,0,0
76009,0,0,107,152
77000,441,103,0,32
77001,89,0,166,186
77002,0,0,96,0
77003,79,0,0,135
77004,4127,0,265,0
77005,0,4543,0,0
77006,40,432,0,29
77007,11,177,359,190
77008,225,0,0,69
77009,499,0,0,36
78000,0,309,494,0
78001,246,337,0,0
78002,131,0,0,50
78003,0,307,509,780
78004,0,227,0,135
78005,0,0,148,195
78006,273,0,0,187
78007,259,0,0,0
78008,0,4762,0,89
78009,0,0,0,0
79000,216,0,271,266
79001,260,222,435,591
79002,0,0,0,0
79003,0,0,131,0
79004,491,92,498,0
79005,473,0,0,0
79006,495,54,339,275
79007,149,0,41,300
79008,0,0,0,128
79009,0,431,418,30
80000,192,0,116,0
80001,2710,0,0,0
80002,0,0,0,46
80003,0,301,0,31
80004,0,166,0,128
80005,0,0,0,0
80006,317,1008,36,202
80007,0,0,16,176
80008,499,0,0,0
80009,0,0,0,48
81000,0,0,160,173
81001,0,0,0,0
81002,191,0,70,123
81003,316,0,436,271
81004,50,0,0,445
81005,316,0,105,21
81006,186,452,0,210
81007,0,0,148,12
81008,428,0,425,171
81009,0,485,45,100
82000,83,0,304,719
82001,500,102,0,0
82002,327,0,229,145
82003,0,421,0,0
82004,0,0,0,970
82005,113,0,0,155
82006,266,115,246,0
82007,0,31,1685,101
82008,92,0,378,146
82009,0,4385,293,293
83000,0,0,0,294
83001,189,0,472,0
83002,113,0,0,15
83003,259,0,0,89
83004,0,108,0,286
83005,15,0,0,292
83006,257,138,338,0
83007,423,0,0,0
83008,469,0,28,0
83009,325,0,291,1065
84000,244,327,296,476
84001,387,414,422,4
84002,58,0,72,168
84003,2413,0,0,257
84004,115,0,3087,0
84005,183,86,0,0
84006,0,0,0,0
84007,250,0,0,1022
84008,150,1572,0,878
84009,154,0,5215,22
85000,4749,0,4084,66
85001,0,0,0,137
85002,0,0,49,0
85003,23,1,259,0
85004,286,457,0,219
85005,0,211,142,0
85006,0,465,0,30
85007,0,0,0,131
85008,0,70,0,584
85009,318,0,204,131
86000,486,0,0,0
86001,0,0,428,276
86002,172,292,0,65
86003,150,0,0,185
86004,466,20,3914,266
86005,0,0,0,0
86006,395,466,0,147
86007,0,0,115,0
86008,259,327,0,61
86009,60,32,0,299
87000,422,448,25,280
87001,373,0,0,3
87002,4285,0,16,0
87003,252,0,0,86
87004,11,0,0,0
87005,0,0,0,115
87006,199,0,161,124
87007,11,441,450,142
87008,40,174,484,297
87009,0,0,278,66
88000,465,261,0,0
88001,424,411,4852,157
88002,471,0,0,196
88003,62,0,0,92
88004,0,320,420,274
88005,0,0,3012,60
88006,211,0,0,243
88007,334,0,71,779
88008,86,0,320,0
88009,0,0,0,0
89000,311,446,0,35
89001,295,0,498,134
89002,0,0,489,44
89003,0,0,0,0
89004,0,333,0,3
89005,92,63,0,0
89006,0,0,407,0
89007,0,490,0,298
89008,323,0,0,114
89009,154,0,31,0
90000,0,0,272,61
90001,0,0,0,21
90002,0,0,8,0
90003,69,0,16,71
90004,0,0,0,22
90005,242,464,217,185
90006,0,0,0,0
90007,0,0,457,270
90008,140,0,0,271
90009,0,0,0,416
91000,0,0,0,0
91001,52,0,379,147
91002,138,279,0,226
91003,0,0,0,592
91004,171,0,0,233
91005,147,0,0,67
91006,343,0,0,174
91007,0,0,288,48
91008,138,0,0,300
91009,203,0,0,0
92000,0,342,367,297
92001,418,0,0,0
92002,263,0,0,242
92003,409,0,0,0
92004,17,0,113,96
92005,189,0,100,97
92006,0,470,0,54
92007,40,0,0,214
92008,311,86,0,358
92009,255,0,0,0
93000,124,371,0,129
93001,201,137,0,622
93002,437,449,0,0
93003,29,0,403,0
93004,0,0,0,246
93005,0,0,128,98
93006,444,378,190,298
93007,0,0,0,187
93008,178,7,0,0
93009,259,488,0,239
94000,4242,0,0,0
94001,273,263,98,0
94002,21,408,0,44
94003,326,0,0,272
94004,3233,0,0,141
94005,482,0,173,0
94006,0,90,74,0
94007,299,661,0,90
94008,0,18,0,0
94009,381,0,356,62
95000,248,0,86,151
95001,243,0,0,287
95002,0,0,76,66
95003,111,0,0,69
95004,406,95,333,199
95005,0,0,168,424
95006,340,349,91,270
95007,0,0,280,0
95008,0,0,0,0
95009,399,0,3324,206
96000,0,201,275,262
96001,0,206,0,87
96002,352,0,0,100
96003,478,192,6,48
96004,0,194,0,0
96005,0,288,0,187
96006,221,0,0,22
96007,0,0,0,161
96008,454,0,0,713
96009,0,53,375,235
97000,2266,0,418,212
97001,0,0,345,20
97002,149,0,0,216
97003,0,0,0,0
97004,290,0,302,51
97005,293,18,0,234
97006,251,414,0,116
97007,487,0,335,161
97008,13,432,342,163
97009,0,0,0,241
98000,421,469,61,165
98001,214,101,351,200
98002,0,0,0,0
98003,68,0,0,242
98004,15,0,343,195
98005,0,0,0,259
98006,0,0,0,96
98007,0,448,0,176
98008,117,0,86,122
98009,0,337,330,0
99000,0,0,0,38
99001,0,0,0,0
99002,459,0,74,150
99003,372,433,0,195
99004,0,209,0,0
99005,465,384,0,19
99006,222,14,0,0
99007,118,0,0,166
99008,102,0,0,284
99009,0,0,0,0
100000,426,5,0,0
100001,243,0,0,31
100002,474,3,264,84
100003,0,0,0,0
100004,158,0,0,92
100005,0,0,0,289
100006,82,0,0,106
100007,0,0,0,82
100008,0,0,440,90
100009,0,0,0,0
101000,0,278,324,263
101001,371,223,179,155
101002,0,0,220,235
101003,0,369,0,52
101004,0,0,0,191
101005,0,0,0,242
101006,0,0,0,295
101007,0,284,79,51
101008,0,0,167,104
101009,287,0,379,0
102000,347,0,445,64
102001,108,379,0,0
102002,263,437,0,59
102003,0,102,347,263
102004,0,197,0,19
102005,2,0,4354,61
102006,0,0,83,0
102007,99,0,401,84
102008,216,0,0,0
102009,132,0,25,210
103000,179,192,0,233
103001,0,0,155,0
103002,124,0,42,150
103003,122,96,113,0
103004,0,0,0,286
103005,0,0,0,100
103006,0,0,324,0
103007,0,0,0,155
103008,288,0,44,143
103009,0,202,0,10
104000,222,0,0,58
104001,0,0,0,234
104002,0,0,0,179
104003,0,330,109,710
104004,0,0,0,163
104005,389,0,0,212
104006,0,0,280,131
104007,398,0,29,249
104008,0,0,141,113
104009,269,0,0,161
105000,184,175,0,185
105001,304,0,460,287
105002,0,230,0,663
105003,200,0,0,115
105004,464,0,0,1027
105005,0,0,0,0
105006,0,0,0,271
105007,73,0,0,46
105008,256,0,61,286
105009,349,0,0,133
106000,173,0,55,186
106001,0,356,0,1200
106002,228,71,0,108
106003,0,8,0,0
106004,0,306,0,298
106005,0,0,434,533
106006,0,205,0,809
106007,0,77,371,0
106008,270,0,0,0
106009,115,0,0,0
107000,2343,0,0,0
107001,0,0,0,0
107002,110,0,281,0
107003,0,346,0,23
107004,0,0,479,92
107005,0,435,0,269
107006,38,273,106,0
107007,0,0,0,425
107008,0,0,110,192
107009,4978,0,0,68
108000,273,0,0,34
108001,0,223,0,200
108002,65,0,0,0
108003,48,406,0,450
108004,333,0,36,0
108005,473,0,0,0
108006,457,1604,0,0
108007,323,0,0,0
108008,0,0,0,0
108009,213,382,0,156
109000,0,0,0,202
109001,298,0,0,91
109002,0,495,0,575
109003,0,0,0,265
109004,105,31,318,157
109005,100,0,266,112
109006,52,0,0,0
109007,275,0,477,322
109008,38,0,165,140
109009,3598,0,0,180
110000,0,0,108,284
110001,371,184,132,0
110002,299,0,4136,285
110003,198,15,441,8
110004,0,398,225,0
110005,0,330,432,771
110006,272,0,351,206
110007,0,203,0,93
110008,0,0,336,110
110009,0,0,1328,135
111000,0,329,0,0
111001,71,402,1684,0
111002,383,0,0,184
111003,0,175,439,182
111004,0,0,0,220
111005,0,0,338,233
111006,0,406,0,233
111007,0,460,0,175
111008,0,0,0,282
111009,406,402,0,7
112000,381,0,0,255
112001,0,0,47,72
112002,394,0,0,140
112003,0,0,0,224
112004,0,180,0,0
112005,32,0,29,220
112006,359,183,0,260
112007,192,0,0,0
112008,0,17,2272,80
112009,17,0,372,220
113000,0,0,483,86
113001,0,0,289,237
113002,210,0,0,115
113003,85,385,4035,42
113004,479,0,347,0
113005,3275,0,4053,0
113006,0,0,0,0
113007,342,0,90,69
113008,409,455,0,61
113009,362,353,350,146
114000,0,0,4759,98
114001,411,0,125,210
114002,0,58,134,231
114003,3,0,0,0
114004,0,0,0,163
114005,440,0,0,336
114006,288,0,0,0
114007,0,444,0,9
114008,187,3,0,251
114009,0,472,0,0
115000,499,0,44,27
115001,0,0,0,221
115002,240,0,0,146
115003,0,272,0,51
115004,491,0,0,36
115005,424,0,0,0
115006,0,0,460,0
115007,441,80,0,59
115008,280,0,0,1
115009,0,0,0,0
116000,65,320,214,24
116001,327,0,376,279
116002,401,393,70,0
116003,0,0,185,0
116004,0,366,0,0
116005,0,0,60,0
116006,0,463,0,0
116007,95,235,407,104
116008,63,175,238,0
116009,0,0,243,225
117000,0,5201,0,238
117001,0,0,0,34
117002,0,468,0,0
117003,294,0,446,0
117004,447,2222,273,299
117005,494,463,0,211
117006,240,0,0,265
117007,470,0,0,53
117008,0,134,0,272
117009,312,0,0,238
118000,62,0,196,261
118001,227,30,0,0
118002,299,0,0,0
118003,0,34,459,0
118004,320,0,291,63
118005,0,0,0,197
118006,0,318,1350,209
118007,365,0,0,124
118008,0,75,290,0
118009,0,0,1657,125
119000,59,0,0,0
119001,0,0,490,258
119002,0,451,0,74
119003,0,0,0,203
119004,0,53,95,0
119005,125,453,0,64
119006,0,102,0,218
119007,278,0,196,177
119008,0,0,0,705
119009,0,402,477,269
120000,459,25,0,5
120001,0,0,0,105
120002,2614,0,254,260
120003,0,0,0,960
120004,384,0,0,156
120005,431,406,215,222
120006,47,0,0,0
120007,0,0,0,63
120008,0,456,0,253
120009,0,0,101,0
121000,421,0,0,195
121001,352,0,0,272
121002,0,455,0,0
121003,410,0,0,233
121004,0,134,3292,121
121005,402,0,141,204
121006,0,470,329,0
121007,0,348,445,0
121008,154,0,724,51
121009,0,0,0,234
122000,25,0,355,0
122001,57,0,292,270
122002,463,0,0,65
122003,76,240,164,0
122004,102,241,223,0
122005,0,311,0,184
122006,3208,0,4,57
122007,0,0,112,31
122008,61,207,352,38
122009,0,0,337,0
123000,170,52,0,0
123001,135,484,15,297
123002,495,2078,0,0
123003,376,368,307,861
123004,0,0,183,231
123005,0,0,24,271
123006,369,0,0,107
123007,117,0,0,35
123008,2199,0,0,41
123009,0,0,0,211
124000,0,0,0,233
124001,431,149,0,198
124002,0,0,0,0
124003,0,0,0,284
124004,848,296,450,180
124005,10,0,123,131
124006,0,0,0,28
124007,0,0,0,274
124008,452,0,425,297
124009,0,168,0,43
125000,139,0,23,0
125001,426,10,0,238
125002,234,0,435,249
125003,0,0,90,293
125004,0,0,0,391
125005,0,0,0,20
125006,338,0,411,713
125007,0,0,0,28
125008,133,174,477,53
125009,0,288,0,74
126000,0,0,13,279
126001,0,97,474,215
126002,284,0,0,237
126003,49,211,354,3
126004,0,0,0,278
126005,126,0,358,744
126006,439,495,0,251
126007,160,394,131,0
126008,0,188,44,166
126009,0,399,266,0
127000,0,0,0,21
127001,0,365,0,22
127002,222,0,0,7
127003,56,0,0,88
127004,286,0,0,0
127005,0,0,0,78
127006,339,0,298,291
127007,335,0,0,164
127008,0,0,0,220
127009,0,224,0,63
128000,0,357,434,49
128001,6,17,0,299
128002,0,401,0,0
128003,332,393,399,270
128004,0,0,0,878
128005,0,4758,0,164
128006,41,0,383,213
128007,0,0,406,7
128008,0,0,132,147
128009,361,0,0,64
129000,38,180,0,285
129001,115,0,0,71
129002,91,0,0,214
129003,320,182,0,0
129004,460,0,0,0
129005,21,44,0,0
129006,0,0,0,56
129007,493,1009,0,108
129008,442,4416,0,150
129009,0,0,292,60
130000,52,0,0,180
130001,222,0,0,695
130002,0,57,0,0
130003,0,0,314,0
130004,0,0,0,135
130005,0,0,0,0
130006,0,294,0,195
130007,154,0,0,126
130008,432,0,0,147
130009,0,0,0,6
131000,282,0,0,124
131001,352,44,0,210
131002,342,0,5065,773
131003,226,0,0,201
131004,167,0,248,106
131005,0,0,319,300
131006,475,0,0,160
131007,0,0,0,964
131008,0,337,0,38
131009,171,314,0,0
132000,0,0,169,0
132001,0,200,479,15
132002,193,0,254,3
132003,3973,0,351,217
132004,76,0,117,169
132005,415,0,0,189
132006,483,116,0,38
132007,311,0,416,25
132008,175,743,441,226
132009,0,0,0,249
133000,413,0,0,294
133001,370,293,0,74
133002,10,462,18,0
133003,248,0,936,9
133004,156,0,285,294
133005,0,377,0,79
133006,331,0,0,167
133007,437,0,0,115
133008,0,0,0,0
133009,500,52,9,48
134000,0,0,0,229
134001,0,0,284,0
134002,337,0,0,90
134003,248,41,0,141
134004,1,0,0,0
134005,0,265,0,244
134006,0,0,187,293
134007,251,0,113,2
134008,200,0,270,3
134009,0,0,382,0
135000,0,0,252,0
135001,31,420,377,112
135002,188,0,0,211
135003,270,72,485,0
135004,0,0,0,204
135005,0,0,39,279
135006,2018,0,210,34
135007,0,491,440,0
135008,455,246,210,249
135009,0,0,0,126
136000,172,0,0,0
136001,0,0,368,298
136002,0,0,0,139
136003,319,0,0,37
136004,286,0,0,385
136005,85,0,0,176
136006,0,0,0,115
136007,0,0,0,275
136008,1548,0,324,0
136009,215,42,78,803
137000,31,0,249,186
137001,458,0,0,240
137002,0,121,0,116
137003,206,170,0,0
137004,6,0,0,114
137005,0,0,0,571
137006,0,0,0,0
137007,0,0,0,0
137008,228,0,131,31
137009,0,0,0,650
138000,231,116,455,1104
138001,0,0,0,60
138002,0,64,0,42
138003,288,0,254,0
138004,94,0,307,0
138005,0,0,240,298
138006,65,87,387,0
138007,82,0,0,160
138008,338,0,0,0
138009,414,0,0,0
139000,130,0,249,182
139001,0,0,234,0
139002,0,0,427,0
139003,174,247,2094,212
139004,476,394,0,35
139005,20,0,0,86
139006,486,0,0,289
139007,0,334,0,147
139008,392,0,264,125
139009,0,0,0,106
140000,0,0,0,232
140001,0,0,0,177
140002,0,0,0,224
140003,0,329,161,741
140004,0,0,0,268
140005,305,138,392,169
140006,301,396,59,119
140007,0,0,0,518
140008,420,0,2421,243
140009,317,441,291,0
141000,0,0,403,256
141001,0,0,467,11
141002,0,0,6,121
141003,162,0,0,319
141004,261,171,0,0
141005,0,415,0,0
141006,3731,1256,0,29
141007,396,278,0,68
141008,0,0,247,40
141009,0,0,283,380
142000,352,0,0,0
142001,75,489,0,92
142002,281,0,0,0
142003,78,38,0,174
142004,0,0,201,0
142005,305,0,481,0
142006,411,0,335,211
142007,0,117,220,110
142008,0,0,0,222
142009,0,0,0,0
143000,150,0,0,150
143001,0,148,246,23
143002,468,2194,253,295
143003,0,0,97,120
143004,393,0,476,154
143005,408,0,204,0
143006,0,139,0,233
143007,410,0,0,0
143008,0,0,286,66
143009,0,0,0,195
144000,80,0,0,143
144001,439,189,74,61
144002,225,492,323,233
144003,376,0,310,0
144004,263,0,193,256
144005,0,489,0,65
144006,99,497,250,95
144007,46,262,10,242
144008,302,0,107,61
144009,189,36,0,30
145000,0,447,146,187
145001,113,404,271,461
145002,46,28,0,254
145003,77,0,467,228
145004,283,0,0,170
145005,0,0,0,0
145006,23,0,0,264
145007,7,0,435,0
145008,132,0,214,77
145009,0,0,387,18
146000,0,0,0,186
146001,195,2655,0,0
146002,4914,284,0,210
146003,0,0,0,156
146004,199,0,0,191
146005,419,0,0,52
146006,252,1810,0,221
146007,0,71,0,363
146008,190,85,0,1
146009,0,0,311,1077
147000,43,0,0,156
147001,0,188,0,45
147002,0,0,390,667
147003,290,0,452,0
147004,247,159,0,201
147005,466,0,0,233
147006,0,34,269,1186
147007,68,0,0,56
147008,0,12,318,190
147009,0,54,233,49
148000,408,427,3805,0
148001,0,418,0,137
148002,0,0,0,105
148003,260,2029,234,0
148004,0,0,0,116
148005,0,0,299,0
148006,351,305,302,0
148007,447,0,23,0
148008,479,0,81,0
148009,0,275,0,82
149000,173,0,0,73
149001,482,354,0,81
149002,438,0,412,41
149003,338,0,423,82
149004,0,0,402,105
149005,0,0,2769,236
149006,0,150,138,271
149007,0,0,0,0
149008,93,1476,82,225
149009,81,147,0,117
150000,315,0,22,13
150001,0,0,0,0
150002,0,489,447,41
150003,0,0,193,0
150004,231,0,0,595
150005,455,0,0,917
150006,437,481,89,268
150007,77,136,0,118
150008,67,0,2974,154
150009,0,0,0,0
151000,386,0,0,654
151001,439,0,112,0
151002,0,0,247,77
151003,0,0,133,228
151004,457,296,0,899
151005,0,0,0,0
151006,0,0,0,111
151007,388,110,135,0
151008,0,0,0,134
151009,437,75,335,117
152000,498,0,0,185
152001,0,0,3143,251
152002,0,0,0,0
152003,293,335,356,121
152004,446,374,0,105
152005,8,34,400,42
152006,0,0,435,64
152007,230,0,361,5
152008,453,0,3470,107
152009,230,44,257,305
153000,215,2069,0,42
153001,110,80,0,4
153002,89,0,0,235
153003,0,0,254,0
153004,50,407,0,107
153005,134,0,4184,0
153006,377,204,0,98
153007,0,0,0,227
153008,5,672,0,59
153009,0,279,267,357
154000,58,0,0,195
154001,103,295,0,211
154002,341,0,417,0
154003,182,0,296,0
154004,0,491,0,244
154005,166,0,0,290
154006,417,454,0,1027
154007,428,0,0,264
154008,300,0,498,0
154009,0,0,0,156
155000,0,0,0,0
155001,0,329,0,0
155002,128,158,205,169
155003,0,0,0,212
155004,213,280,0,0
155005,164,0,0,108
155006,0,0,0,134
155007,202,0,0,285
155008,279,0,4475,9
155009,71,0,61,241
156000,441,0,393,0
156001,449,0,0,149
156002,359,290,0,0
156003,72,307,476,765
156004,375,0,0,0
156005,250,0,0,193
156006,309,0,250,76
156007,0,0,176,0
156008,325,0,0,0
156009,124,119,0,164
157000,380,0,0,0
157001,0,0,0,301
157002,911,0,280,150
157003,96,20,0,0
157004,176,0,3677,0
157005,216,0,276,39
157006,0,0,0,134
157007,423,0,132,164
157008,78,344,177,258
157009,353,0,0,974
158000,29,0,0,178
158001,498,0,0,142
158002,324,0,0,0
158003,310,0,0,250
158004,0,0,3999,97
158005,469,0,0,252
158006,0,0,412,239
158007,0,0,0,502
158008,398,0,41,783
158009,228,0,0,95
159000,430,164,2914,0
159001,92,342,0,29
159002,0,0,186,233
159003,327,0,0,250
159004,165,472,96,123
159005,10,4872,88,48
159006,411,2193,0,141
159007,365,0,0,75
159008,0,0,0,0
159009,486,336,314,166
160000,0,0,381,7
160001,270,87,0,20
160002,0,0,3122,186
160003,317,0,0,140
160004,0,0,0,2
160005,193,0,160,126
160006,0,171,0,100
160007,406,118,281,153
160008,0,0,102,19
160009,0,80,0,189
161000,102,0,407,50
161001,0,0,4859,164
161002,31,0,0,0
161003,187,0,307,0
161004,0,0,0,99
161005,0,0,0,32
161006,0,0,0,188
161007,0,0,0,245
161008,187,258,273,44
161009,0,0,1,0
162000,23,383,0,824
162001,397,0,327,119
162002,239,0,0,0
162003,496,0,0,78
162004,26,282,0,67
162005,0,0,443,0
162006,16,0,155,95
162007,410,0,0,0
162008,0,4,0,27
162009,432,0,0,194
163000,0,407,33,140
163001,3609,0,0,39
163002,234,0,218,0
163003,464,0,425,87
163004,0,258,0,109
163005,1023,0,332,249
163006,0,62,0,109
163007,0,175,100,137
163008,0,0,583,0
163009,407,0,0,224
164000,386,431,120,147
164001,0,273,0,87
164002,0,0,89,0
164003,0,0,0,0
164004,0,241,0,156
164005,258,0,0,0
164006,457,0,323,126
164007,0,297,64,385
164008,0,0,0,0
164009,0,464,0,247
165000,687,95,0,11
165001,0,136,335,246
165002,372,0,236,0
165003,212,0,4291,159
165004,0,0,136,28
165005,0,467,0,86
165006,127,0,289,121
165007,432,0,0,231
165008,0,0,0,0
165009,0,0,0,89
166000,447,0,0,93
166001,31,335,0,258
166002,346,0,0,261
166003,18,0,465,0
166004,237,0,0,0
166005,0,0,368,62
166006,21,0,0,91
166007,0,0,147,0
166008,21,0,0,185
166009,44,153,420,216
167000,404,155,0,49
167001,0,0,0,0
167002,0,0,107,53
167003,307,150,0,934
167004,418,0,21,222
167005,485,0,0,234
167006,437,0,150,10
167007,0,0,0,215
167008,0,89,290,202
167009,0,0,1599,932
168000,349,0,0,769
168001,0,153,0,91
168002,975,0,0,164
168003,4309,144,0,1173
168004,153,485,486,0
168005,412,0,317,0
168006,0,4211,443,141
168007,0,148,181,225
168008,458,289,0,1187
168009,112,0,0,158
169000,307,0,0,286
169001,350,0,0,0
169002,0,211,474,183
169003,304,153,0,147
169004,0,0,373,297
169005,19,477,0,652
169006,0,445,0,45
169007,194,0,3222,101
169008,0,0,0,186
169009,0,408,332,90
170000,384,122,0,108
170001,0,0,0,0
170002,107,0,0,9
170003,60,0,0,132
170004,493,0,252,15
170005,0,459,306,0
170006,110,0,477,12
170007,0,0,0,6
170008,205,0,0,669
170009,2114,0,494,0
171000,326,0,0,94
171001,391,1850,2873,296
171002,0,0,0,0
171003,0,316,453,169
171004,314,0,0,0
171005,0,0,340,0
171006,416,0,0,204
171007,164,384,0,204
171008,82,0,2396,102
171009,18,256,199,268
172000,303,205,126,0
172001,0,0,0,0
172002,498,440,1848,11
172003,93,0,52,20
172004,395,0,0,241
172005,200,9,0,60
172006,0,0,75,83
172007,0,0,0,133
172008,0,366,0,717
172009,313,0,240,896
173000,316,0,1701,183
173001,178,249,0,91
173002,133,0,16,0
173003,240,0,3440,0
173004,0,0,0,40
173005,0,0,0,165
173006,385,414,470,192
173007,403,0,436,0
173008,0,170,0,130
173009,242,0,0,0
174000,374,6,0,298
174001,0,0,289,302
174002,0,205,0,254
174003,0,0,0,35
174004,0,0,0,219
174005,0,0,0,118
174006,40,0,0,0
174007,0,0,0,10
174008,0,196,2501,225
174009,355,0,400,0
175000,301,399,4600,177
175001,0,0,0,94
175002,0,64,447,0
175003,0,394,0,130
175004,81,423,302,238
175005,0,0,0,33
175006,462,0,0,99
175007,0,0,0,0
175008,0,406,0,228
175009,0,0,313,216
176000,450,373,56,0
176001,57,0,0,0
176002,1617,154,364,0
176003,0,0,0,250
176004,0,0,360,0
176005,90,0,0,0
176006,166,138,0,133
176007,166,3400,493,211
176008,458,0,86,0
176009,0,148,198,423
177000,0,0,0,287
177001,0,0,298,114
177002,375,0,0,0
177003,335,132,0,286
177004,0,5,0,127
177005,223,0,459,0
177006,0,0,0,0
177007,381,0,0,263
177008,138,3400,2527,115
177009,422,322,0,232
178000,5,0,16,269
178001,19,0,0,0
178002,139,0,0,0
178003,0,0,247,123
178004,485,415,0,354
178005,311,0,170,0
178006,278,183,215,169
178007,42,165,318,33
178008,92,2747,469,0
178009,283,0,0,0
179000,0,0,457,0
179001,0,0,0,636
179002,0,0,0,0
179003,359,0,464,664
179004,110,405,158,4
179005,0,302,0,142
179006,480,0,0,73
179007,0,440,279,6
179008,0,0,100,0
179009,0,484,172,35
180000,175,471,0,90
180001,182,0,0,284
180002,356,0,47,103
180003,0,128,0,300
180004,0,0,0,405
180005,38,0,0,3
180006,0,193,0,0
180007,1690,0,48,384
180008,0,0,0,228
180009,0,120,167,0
181000,0,302,0,255
181001,116,202,376,207
181002,242,0,80,0
181003,0,470,355,266
181004,0,0,0,26
181005,0,0,74,0
181006,1179,0,0,886
181007,215,0,115,190
181008,231,0,0,200
181009,0,340,0,195
182000,257,0,2374,0
182001,492,0,0,5
182002,0,0,0,0
182003,216,0,0,169
182004,55,4,0,206
182005,500,0,0,190
182006,14,481,0,0
182007,0,105,140,0
182008,118,0,0,13
182009,0,350,0,14
183000,456,0,86,0
183001,0,0,0,95
183002,0,0,0,88
183003,98,0,79,92
183004,0,300,0,5
183005,0,192,0,0
183006,236,195,1657,127
183007,364,4650,0,257
183008,371,0,219,0
183009,17,0,0,251
184000,98,217,0,58
184001,194,267,0,0
184002,1337,402,71,158
184003,146,363,496,93
184004,283,441,290,22
184005,462,223,290,0
184006,19,424,4912,0
184007,7,125,0,879
184008,130,103,15,0
184009,440,0,0,0
185000,337,0,0,0
185001,0,0,379,111
185002,350,0,0,68
185003,298,0,0,0
185004,316,0,0,249
185005,157,0,152,0
185006,0,383,0,110
185007,371,336,0,1186
185008,389,0,39,172
185009,3883,0,0,292
186000,0,0,0,0
186001,64,0,45,740
186002,0,468,0,102
186003,143,0,442,241
186004,407,0,93,0
186005,245,0,5152,224
186006,4332,0,478,244
186007,110,0,265,273
186008,127,0,12,0
186009,423,0,0,144
187000,235,0,0,214
187001,0,0,1193,265
187002,326,326,225,235
187003,0,0,2565,98
187004,45,0,0,290
187005,69,0,0,120
187006,256,0,0,0
187007,102,29,0,221
187008,43,172,0,151
187009,0,0,0,211
188000,234,107,0,123
188001,306,0,0,226
188002,0,0,111,126
188003,247,482,417,177
188004,0,0,5275,121
188005,245,0,0,288
188006,191,479,0,128
188007,132,0,0,0
188008,0,0,0,229
188009,4754,0,218,279
189000,0,466,0,0
189001,0,0,421,133
189002,267,0,191,385
189003,0,440,0,38
189004,0,0,0,111
189005,343,0,0,0
189006,0,0,93,191
189007,117,0,0,534
189008,0,384,0,121
189009,111,0,0,134
190000,0,161,4495,763
190001,0,0,0,30
190002,0,0,0,238
190003,375,129,4390,744
190004,0,0,449,242
190005,108,0,0,111
190006,499,0,0,226
190007,0,0,489,19
190008,289,0,0,293
190009,483,0,0,44
191000,294,0,476,0
191001,363,0,412,250
191002,1454,140,4609,266
191003,270,0,493,284
191004,481,0,174,0
191005,405,304,78,39
191006,206,0,0,0
191007,0,249,0,55
191008,0,0,0,0
191009,97,0,210,162
192000,314,347,0,89
192001,251,0,108,0
192002,195,431,0,67
192003,0,0,0,58
192004,15,480,0,58
192005,175,0,0,20
192006,0,0,817,265
192007,1529,0,231,728
192008,265,0,67,89
192009,0,0,414,263
193000,0,0,310,5
193001,278,0,0,0
193002,494,0,380,26
193003,482,414,0,859
193004,0,31,0,399
193005,79,0,58,0
193006,186,0,0,157
193007,0,0,0,90
193008,29,250,0,17
193009,0,342,4,24
194000,481,0,0,277
194001,0,0,124,1128
194002,196,0,307,253
194003,0,0,0,250
194004,225,372,0,521
194005,0,0,387,702
194006,0,0,329,0
194007,0,229,217,151
194008,148,0,0,0
194009,0,384,472,257
195000,92,0,0,266
195001,254,0,0,240
195002,0,0,10,162
195003,258,0,0,0
195004,493,0,0,0
195005,44,0,21,51
195006,0,0,283,236
195007,116,0,0,83
195008,0,0,4,220
195009,153,0,0,35
196000,209,403,0,139
196001,73,0,0,93
196002,342,0,0,74
196003,0,0,26,103
196004,12,0,160,110
196005,0,0,50,256
196006,0,0,0,0
196007,0,0,102,0
196008,0,0,170,0
196009,453,0,261,192
197000,473,0,0,753
197001,242,0,0,25
197002,0,0,31,117
197003,0,0,49,0
197004,0,0,0,357
197005,63,0,296,13
197006,0,174,300,189
197007,198,0,0,254
197008,1498,0,0,70
197009,41,444,0,53
198000,0,477,498,0
198001,330,33,0,235
198002,0,0,0,0
198003,417,0,0,216
198004,103,0,0,212
198005,272,0,0,106
198006,311,0,366,0
198007,273,222,0,496
198008,155,0,0,0
198009,104,14,5325,195
199000,325,0,0,626
199001,0,0,0,130
199002,213,0,0,603
199003,159,278,0,144
199004,0,0,0,64
199005,0,0,0,20
199006,82,0,326,0
199007,905,0,0,0
199008,145,215,0,938
199009,0,0,0,254
200000,0,354,0,857
200001,0,102,0,259
200002,207,81,0,204
200003,0,0,0,287
200004,417,60,0,258
200005,0,105,3621,521
200006,0,6,0,0
200007,488,147,0,0
200008,345,0,0,2
200009,245,0,79,223
201000,392,0,0,232
201001,154,2596,0,0
201002,2735,266,0,220
201003,158,0,0,0
201004,0,461,224,120
201005,0,0,0,0
201006,0,0,0,239
201007,164,0,339,119
201008,0,0,31,6
201009,257,0,326,297
202000,296,0,0,92
202001,206,472,60,251
202002,31,0,0,123
202003,375,0,0,0
202004,59,0,97,281
202005,0,0,498,248
202006,0,0,46,647
202007,0,0,0,191
202008,24,0,0,613
202009,329,0,146,146
203000,0,459,0,4
203001,0,152,0,69
203002,0,0,0,50
203003,0,0,416,299
203004,4097,194,0,125
203005,198,237,0,37
203006,22,96,0,75
203007,282,0,0,0
203008,256,31,0,253
203009,0,349,418,0
204000,378,0,0,242
204001,0,0,0,33
204002,454,0,486,260
204003,264,0,0,287
204004,1558,0,0,133
204005,313,295,0,113
204006,0,214,4931,88
204007,23,0,50,132
204008,337,0,11,61
204009,0,0,258,0
205000,285,0,0,107
205001,489,0,0,267
205002,0,0,838,0
205003,0,406,0,0
205004,258,480,389,633
205005,416,290,0,263
205006,238,0,0,1
205007,108,0,307,487
205008,0,0,0,234
205009,49,0,0,176
206000,280,0,0,0
206001,0,0,0,1161
206002,400,310,0,0
206003,290,0,382,300
206004,401,0,134,250
206005,0,0,0,27
206006,0,302,0,252
206007,100,0,325,246
206008,0,0,422,0
206009,55,0,0,10
207000,0,0,0,257
207001,432,411,139,160
207002,346,0,0,15
207003,32,0,97,77
207004,407,19,339,139
207005,87,229,5022,210
207006,123,0,0,281
207007,83,380,0,0
207008,155,0,0,241
207009,0,227,0,0
208000,0,0,0,194
208001,0,0,446,777
208002,2682,0,0,0
208003,488,0,0,266
208004,247,0,0,233
208005,0,357,267,229
208006,0,0,0,118
208007,0,0,306,19
208008,127,8,0,26
208009,0,0,0,124
209000,329,189,0,0
209001,221,0,326,0
209002,0,0,0,141
209003,0,90,0,88
209004,93,261,212,30
209005,106,0,77,688
209006,442,0,0,261
209007,448,228,0,0
209008,0,0,786,257
209009,147,0,103,0
210000,0,0,0,279
210001,0,0,0,0
210002,68,391,0,292
210003,0,0,169,249
210004,394,0,77,202
210005,440,331,489,0
210006,0,0,0,266
210007,363,0,0,0
210008,402,0,0,209
210009,0,116,0,74
211000,0,0,0,167
211001,485,409,0,18
211002,0,26,0,268
211003,328,205,377,296
211004,0,300,0,247
211005,132,83,573,475
211006,0,410,436,131
211007,65,0,193,0
211008,359,0,0,272
211009,0,0,0,119
212000,42,448,0,0
212001,10,483,0,186
212002,97,0,0,1091
212003,0,0,0,0
212004,362,0,439,0
212005,323,0,423,0
212006,420,274,0,0
212007,0,0,336,201
212008,41,0,490,0
212009,0,0,0,0
213000,305,0,231,175
213001,326,0,0,0
213002,24,302,0,74
213003,0,0,4172,709
213004,0,286,0,580
213005,205,0,0,0
213006,290,0,368,0
213007,298,0,2377,238
213008,473,259,60,75
213009,370,0,323,264
214000,346,0,499,178
214001,324,445,0,31
214002,0,430,0,0
214003,0,0,15,0
214004,0,0,0,208
214005,220,278,450,267
214006,163,0,0,23
214007,0,303,224,23
214008,417,0,0,0
214009,368,0,336,0
215000,0,318,0,151
215001,0,0,494,283
215002,0,0,0,84
215003,327,0,268,283
215004,395,0,303,220
215005,127,4799,147,0
215006,435,143,0,200
215007,421,270,0,483
215008,435,0,228,35
215009,0,0,582,0
216000,0,2663,144,182
216001,319,0,0,198
216002,0,397,0,0
216003,0,0,141,105
216004,221,142,19,44
216005,0,0,0,12
216006,192,84,1692,1
216007,398,0,158,212
216008,22,0,489,0
216009,282,0,0,226
217000,0,0,0,0
217001,0,0,0,0
217002,367,272,0,229
217003,498,0,25,0
217004,412,147,0,0
217005,388,0,20,227
217006,360,236,129,277
217007,0,0,125,0
217008,144,185,0,129
217009,368,0,0,108
218000,0,0,196,39
218001,0,0,0,139
218002,81,274,0,154
218003,90,0,0,218
218004,479,0,256,38
218005,499,0,490,186
218006,0,0,112,244
218007,0,0,0,140
218008,485,0,0,207
218009,0,207,0,281
219000,148,377,0,970
219001,300,0,0,147
219002,259,0,0,0
219003,330,0,0,149
219004,0,0,0,214
219005,497,455,193,0
219006,0,0,4288,0
219007,481,0,137,193
219008,421,0,4803,202
219009,123,375,0,119
220000,0,0,136,0
220001,430,457,348,272
220002,334,2618,0,0
220003,166,0,0,267
220004,0,234,0,0
220005,487,239,64,0
220006,0,0,183,37
220007,295,486,480,0
220008,56,0,0,84
220009,250,329,0,274
221000,16,115,0,0
221001,0,67,0,80
221002,385,0,189,40
221003,223,0,213,295
221004,401,0,24,144
221005,0,0,41,0
221006,30,0,0,0
221007,72,0,0,0
221008,0,0,53,0
221009,0,413,2,199
222000,431,0,0,163
222001,122,0,74,145
222002,72,2319,250,915
222003,253,0,439,283
222004,193,0,0,296
222005,96,0,86,148
222006,0,3590,4983,0
222007,59,0,0,198
222008,445,0,0,0
222009,0,202,16,166
223000,328,387,0,48
223001,377,0,0,146
223002,259,0,0,118
223003,0,406,0,227
223004,222,0,0,59
223005,0,376,0,288
223006,11,0,22,238
223007,0,35,2398,0
223008,0,278,5216,205
223009,0,0,0,249
224000,0,200,374,133
224001,0,0,0,209
224002,0,0,0,27
224003,29,0,61,194
224004,0,452,243,0
224005,156,0,0,42
224006,285,0,338,0
224007,0,0,259,180
224008,123,477,52,0
224009,0,0,56,234
225000,168,92,0,0
225001,0,454,0,137
225002,296,86,0,293
225003,269,0,33,0
225004,0,147,0,155
225005,0,2231,194,288
225006,149,55,0,33
225007,213,0,422,897
225008,341,234,0,38
225009,0,0,0,295
226000,168,0,0,0
226001,0,289,2633,53
226002,427,0,0,0
226003,216,863,7,164
226004,0,0,456,0
226005,268,0,1649,284
226006,0,0,0,50
226007,257,0,185,117
226008,455,0,0,637
226009,333,0,183,90
227000,225,0,0,220
227001,0,0,0,300
227002,5,329,0,188
227003,467,331,0,250
227004,0,0,0,0
227005,430,0,228,0
227006,0,0,325,140
227007,0,29,0,0
227008,0,0,0,276
227009,22,0,479,93
228000,459,0,0,222
228001,68,348,0,93
228002,165,0,0,241
228003,336,399,0,270
228004,377,0,140,211
228005,424,0,0,34
228006,357,288,365,164
228007,406,0,0,0
228008,0,0,0,44
228009,253,353,0,0
229000,0,0,500,164
229001,425,0,0,94
229002,89,0,0,93
229003,291,354,0,43
229004,0,0,0,628
229005,329,110,0,0
229006,0,0,0,259
229007,0,251,223,0
229008,434,0,143,668
229009,24,0,443,0
230000,3,0,423,0
230001,198,136,0,0
230002,0,0,0,119
230003,378,7,172,87
230004,0,289,0,175
230005,347,0,0,224
230006,39,38,0,231
230007,0,403,0,172
230008,184,395,433,264
230009,11,0,3773,293
231000,292,0,0,624
231001,474,0,0,1111
231002,0,0,0,140
231003,32,264,0,173
231004,11,0,0,48
231005,0,0,252,83
231006,0,88,50,0
231007,0,0,350,795
231008,0,0,0,0
231009,3,0,0,251
232000,0,0,240,95
232001,163,77,297,36
232002,115,210,0,178
232003,0,0,87,82
232004,0,26,0,36
232005,0,13,0,99
232006,0,0,0,444
232007,0,0,0,126
232008,0,1990,0,256
232009,467,449,48,0
233000,0,0,362,139
233001,0,0,0,237
233002,0,0,0,102
233003,108,0,0,0
233004,198,0,0,5
233005,308,0,0,156
233006,43,207,449,0
233007,8,121,0,0
233008,380,0,0,0
233009,404,0,2774,34
234000,31,0,0,126
234001,97,0,0,0
234002,132,0,0,2
234003,199,426,0,0
234004,280,0,0,0
234005,0,417,0,230
234006,107,1830,0,91
234007,419,0,0,0
234008,144,418,0,243
234009,0,374,0,0
235000,4582,92,0,0
235001,0,0,348,0
235002,0,0,419,31
235003,0,0,4865,117
235004,0,195,500,0
235005,225,0,84,208
235006,385,0,342,1181
235007,0,26,14,43
235008,87,0,0,12
235009,457,0,0,804
236000,181,0,0,0
236001,0,0,139,154
236002,476,0,354,238
236003,408,0,0,78
236004,0,0,0,60
236005,10,0,0,203
236006,70,144,0,0
236007,177,300,0,195
236008,0,0,183,139
236009,0,4289,0,207
237000,0,240,0,233
237001,449,0,324,155
237002,155,0,4771,428
237003,484,0,289,0
237004,0,0,14,243
237005,194,0,0,250
237006,912,0,147,50
237007,158,0,82,66
237008,0,0,0,0
237009,258,93,258,76
238000,0,0,70,135
238001,0,0,64,523
238002,186,0,476,245
238003,0,0,0,107
238004,0,0,0,34
238005,451,439,0,0
238006,135,0,0,0
238007,450,398,0,193
238008,1929,3387,0,900
238009,0,269,2842,58
239000,456,0,97,973
239001,261,275,0,0
239002,137,66,0,193
239003,320,270,385,284
239004,0,121,0,71
239005,398,28,2679,97
239006,90,0,2122,226
239007,0,0,0,257
239008,227,207,0,145
239009,426,345,188,297
240000,387,0,0,280
240001,343,0,36,130
240002,287,0,149,237
240003,474,0,0,192
240004,241,310,394,258
240005,0,405,200,118
240006,260,125,0,49
240007,0,0,144,0
240008,0,132,0,260
240009,0,222,0,110
241000,0,118,0,0
241001,115,0,172,161
241002,249,0,0,167
241003,0,0,0,420
241004,322,0,0,0
241005,0,0,0,177
241006,477,24,257,120
241007,0,0,187,261
241008,334,0,27,37
241009,0,440,0,0
242000,0,237,425,36
242001,0,0,0,144
242002,369,0,436,271
242003,0,123,0,271
242004,0,331,0,181
242005,374,123,0,0
242006,83,0,0,149
242007,0,0,0,0
242008,419,373,0,199
242009,191,483,0,0
243000,67,354,69,262
243001,26,0,10,0
243002,426,0,0,11
243003,0,0,330,39
243004,437,0,0,95
243005,434,0,0,89
243006,0,3286,349,114
243007,183,250,44,292
243008,130,0,0,52
243009,102,0,897,20
244000,0,0,0,156
244001,0,348,0,25
244002,469,0,365,191
244003,0,0,292,290
244004,0,0,0,170
244005,0,0,207,63
244006,0,0,0,0
244007,174,99,0,159
244008,53,165,0,273
244009,173,371,99,109
245000,443,470,0,0
245001,9,0,0,108
245002,0,476,44,377
245003,0,0,0,40
245004,309,430,0,108
245005,0,236,0,251
245006,0,3942,122,162
245007,111,0,403,277
245008,474,0,0,0
245009,0,341,0,163
246000,244,0,0,74
246001,219,0,440,0
246002,210,0,140,0
246003,254,0,486,226
246004,309,0,0,0
246005,0,0,99,219
246006,350,0,0,0
246007,0,0,347,0
246008,233,57,0,186
246009,281,0,101,11
247000,0,0,0,269
247001,0,3569,465,132
247002,214,0,105,51
247003,414,0,0,295
247004,88,0,127,187
247005,0,0,0,23
247006,0,0,0,74
247007,448,0,126,145
247008,263,0,0,0
247009,497,0,190,0
248000,47,0,40,190
248001,435,0,219,174
248002,0,0,0,151
248003,153,197,359,144
248004,140,729,19,292
248005,2947,0,472,0
248006,428,0,0,0
248007,0,0,180,0
248008,183,0,0,225
248009,0,0,0,224
249000,77,265,11,0
249001,68,0,0,0
249002,2766,238,0,0
249003,4338,350,54,295
249004,0,0,0,0
249005,324,0,213,229
249006,0,0,208,0
249007,321,0,0,206
249008,399,0,59,971
249009,0,0,0,0
250000,272,0,0,84
250001,191,341,312,89
250002,0,0,298,0
250003,436,0,0,0
250004,0,0,2388,58
250005,0,375,0,921
250006,419,267,0,4
250007,15,0,315,146
250008,263,322,331,296
250009,192,0,261,257
251000,1585,0,0,121
251001,453,0,448,197
251002,329,0,481,43
251003,0,210,234,0
251004,0,0,0,198
251005,194,0,5337,238
251006,287,0,0,31
251007,0,241,0,665
251008,0,0,4204,296
251009,15,145,427,36
252000,290,0,0,17
252001,158,0,0,17
252002,0,0,0,0
252003,71,474,0,914
252004,101,216,118,206
252005,73,0,148,85
252006,393,0,0,46
252007,453,0,0,185
252008,328,0,0,199
252009,0,0,158,190
253000,60,0,109,91
253001,0,0,0,197
253002,0,0,0,137
253003,30,0,98,159
253004,101,406,0,128
253005,305,0,18,655
253006,89,347,0,185
253007,330,0,0,0
253008,0,70,0,0
253009,0,0,0,25
254000,124,0,0,0
254001,108,0,0,903
254002,0,0,0,236
254003,0,0,0,0
254004,155,0,0,0
254005,41,0,0,175
254006,95,395,0,188
254007,0,0,313,55
254008,0,113,0,154
254009,0,375,390,21
255000,4301,0,37,16
255001,51,0,0,169
255002,0,0,0,236
255003,0,262,53,228
255004,291,247,0,0
255005,321,0,15,0
255006,0,317,182,157
255007,232,79,177,123
255008,223,99,446,208
255009,50,13,193,234
256000,0,0,0,158
256001,0,0,466,184
256002,0,0,149,4
256003,40,0,0,194
256004,43,0,0,968
256005,114,0,325,238
256006,0,296,451,192
256007,492,0,0,585
256008,0,73,386,52
256009,99,0,0,96
257000,0,206,0,8
257001,0,0,0,85
257002,0,0,311,0
257003,0,330,0,410
257004,0,0,97,0
257005,0,0,0,26
257006,0,0,0,879
257007,394,0,1597,69
257008,166,0,0,0
257009,0,124,4001,310
258000,29,0,346,662
258001,307,170,131,197
258002,0,214,0,91
258003,0,219,479,238
258004,0,0,0,0
258005,0,380,0,91
258006,60,0,0,0
258007,0,0,0,284
258008,269,0,47,0
258009,0,0,0,0
259000,489,0,0,88
259001,97,0,0,236
259002,0,0,298,0
259003,112,92,0,0
259004,470,324,0,156
259005,0,387,0,150
259006,103,0,0,25
259007,235,453,286,44
259008,0,0,87,98
259009,189,0,0,8
260000,0,0,0,0
260001,421,0,5366,286
260002,52,0,0,177
260003,0,0,317,229
260004,421,0,0,132
260005,491,0,383,0
260006,269,217,0,158
260007,0,365,0,0
260008,196,0,451,0
260009,491,0,0,0
261000,0,159,487,286
261001,0,0,495,0
261002,245,0,179,259
261003,0,0,0,293
261004,270,0,0,0
261005,0,0,0,161
261006,407,361,0,155
261007,4638,0,186,960
261008,111,162,288,185
261009,0,0,0,576
262000,0,0,461,263
262001,0,157,0,0
262002,337,98,0,270
262003,3526,0,0,199
262004,412,0,245,0
262005,0,0,0,1000
262006,0,95,396,125
262007,1,0,1002,73
262008,0,0,0,88
262009,121,0,0,385
263000,0,0,0,203
263001,0,0,450,149
263002,0,4,0,0
263003,0,0,0,149
263004,49,0,415,205
263005,233,0,0,210
263006,1090,0,388,272
263007,0,882,109,293
263008,358,0,0,0
263009,0,0,48,39
264000,262,0,44,116
264001,211,0,0,85
264002,451,0,140,186
264003,0,0,136,0
264004,201,0,0,269
264005,0,428,0,0
264006,0,0,0,290
264007,47,0,0,195
264008,0,247,0,51
264009,0,0,382,228
265000,0,0,0,173
265001,0,229,0,26
265002,259,0,0,0
265003,308,0,0,0
265004,0,0,0,0
265005,121,0,319,0
265006,309,0,0,122
265007,0,0,0,79
265008,18,0,355,225
265009,145,0,0,0
266000,281,0,0,0
266001,435,0,0,0
266002,259,48,0,50
266003,207,0,497,34
266004,444,0,0,89
266005,53,63,0,0
266006,252,217,304,25
266007,0,0,0,588
266008,493,0,106,693
266009,0,0,24,99
267000,47,145,24,0
267001,402,0,437,270
267002,253,0,0,0
267003,176,0,0,110
267004,0,196,0,77
267005,440,0,0,28
267006,398,0,0,100
267007,30,0,0,536
267008,213,0,4002,111
267009,435,443,0,0
268000,0,0,0,163
268001,0,0,0,1025
268002,189,328,0,170
268003,0,0,0,223
268004,34,0,0,744
268005,34,0,0,0
268006,85,0,3550,201
268007,112,0,349,79
268008,246,491,0,218
268009,0,0,0,84
269000,0,0,0,126
269001,0,13,294,238
269002,317,342,0,0
269003,386,9,0,64
269004,0,361,92,6
269005,0,2805,0,666
269006,220,0,115,226
269007,147,0,59,72
269008,0,34,338,265
269009,87,0,0,262
270000,4310,0,153,876
270001,2025,287,398,984
270002,392,0,0,29
270003,164,0,476,0
270004,345,0,0,273
270005,0,0,0,99
270006,0,3026,49,0
270007,0,0,439,10
270008,157,105,0,0
270009,434,0,0,205
271000,121,149,0,259
271001,319,371,153,241
271002,0,0,0,186
271003,0,0,0,0
271004,211,0,0,0
271005,280,210,0,132
271006,0,461,0,281
271007,0,497,0,766
271008,48,20,62,149
271009,0,0,356,147
272000,0,151,0,53
272001,125,0,0,348
272002,419,136,376,0
272003,0,0,485,79
272004,337,0,690,0
272005,0,195,0,0
272006,0,0,26,264
272007,381,5238,192,240
272008,170,0,0,243
272009,262,0,0,611
273000,198,0,383,275
273001,0,0,459,247
273002,306,65,324,215
273003,439,0,346,206
273004,0,0,0,0
273005,309,274,246,97
273006,188,0,0,26
273007,290,0,351,195
273008,480,247,175,192
273009,0,0,127,286
274000,354,287,499,804
274001,391,0,0,66
274002,0,0,0,49
274003,0,0,0,317
274004,157,0,434,196
274005,3,0,79,0
274006,0,0,0,0
274007,0,160,43,80
274008,102,0,294,0
274009,417,65,55,0
275000,0,0,0,114
275001,0,0,0,0
275002,168,0,0,281
275003,349,0,0,253
275004,497,0,304,179
275005,9,44,0,85
275006,207,2622,0,93
275007,433,0,58,17
275008,332,452,0,42
275009,0,218,0,0
276000,0,0,29,225
276001,0,0,0,0
276002,36,314,66,0
276003,293,0,0,282
276004,337,0,26,217
276005,309,0,0,0
276006,0,412,4680,55
276007,213,0,0,82
276008,0,0,0,96
276009,10,0,362,179
277000,0,198,405,66
277001,465,0,423,70
277002,0,0,4993,65
277003,0,0,394,653
277004,0,477,13,12
277005,0,0,458,0
277006,467,0,0,222
277007,262,0,150,116
277008,0,369,0,13
277009,0,0,0,150
278000,0,314,287,149
278001,148,185,291,58
278002,0,0,0,0
278003,0,301,0,160
278004,32,0,0,0
278005,0,0,0,598
278006,3216,0,0,392
278007,0,0,0,754
278008,0,39,117,264
278009,0,0,0,83
279000,396,349,229,228
279001,348,0,0,150
279002,0,0,0,30
279003,197,0,0,0
279004,54,421,185,221
279005,290,0,371,0
279006,479,0,0,176
279007,305,0,0,65
279008,0,0,0,213
279009,0,179,401,212
280000,17,173,0,288
280001,0,127,0,286
280002,100,0,435,126
280003,0,0,456,59
280004,0,88,0,293
280005,4347,0,0,282
280006,146,476,883,55
280007,11,437,245,467
280008,277,113,458,0
280009,26,0,0,30
281000,0,0,0,243
281001,0,0,0,0
281002,236,0,0,169
281003,0,31,177,0
281004,0,0,0,261
281005,193,3092,0,128
281006,475,0,109,245
281007,440,0,354,186
281008,258,409,0,0
281009,359,386,5368,64
282000,162,0,0,0
282001,421,101,187,688
282002,388,0,0,0
282003,198,0,0,282
282004,0,191,155,207
282005,152,0,368,0
282006,0,248,338,30
282007,45,99,0,0
282008,473,438,0,832
282009,0,0,0,160
283000,0,262,125,199
283001,34,14,473,42
283002,316,0,1236,177
283003,292,1333,0,0
283004,103,174,4766,0
283005,428,0,444,110
283006,30,0,0,224
283007,26,0,0,0
283008,0,0,179,147
283009,424,0,0,0
284000,0,293,497,218
284001,0,0,0,484
284002,0,0,146,295
284003,0,0,0,27
284004,0,0,217,0
284005,315,499,155,210
284006,3466,0,0,0
284007,132,0,0,47
284008,220,0,0,18
284009,0,0,219,174
285000,0,0,436,151
285001,0,0,261,155
285002,249,0,65,202
285003,0,449,493,189
285004,0,0,0,249
285005,140,0,0,179
285006,53,3,2702,370
285007,0,0,253,263
285008,0,177,113,13
285009,129,0,0,0
286000,0,0,0,6
286001,437,0,199,338
286002,9,0,309,0
286003,0,343,4,159
286004,0,239,0,133
286005,312,0,328,115
286006,0,0,2182,193
286007,0,159,0,234
286008,0,0,0,77
286009,0,0,445,0
287000,0,118,0,401
287001,0,117,444,35
287002,75,500,0,0
287003,0,0,0,0
287004,0,364,0,0
287005,0,479,0,0
287006,369,232,0,132
287007,0,0,0,131
287008,6,226,0,0
287009,0,409,0,234
288000,0,0,0,0
288001,0,0,319,185
288002,277,0,0,0
288003,0,0,0,17
288004,4079,118,277,834
288005,497,0,0,227
288006,236,0,0,40
288007,281,0,404,0
288008,183,266,2523,272
288009,479,500,130,0
289000,38,0,239,0
289001,0,0,0,140
289002,10,0,0,194
289003,0,0,0,0
289004,0,0,220,252
289005,430,0,231,3
289006,0,0,0,194
289007,0,0,491,995
289008,444,0,0,0
289009,285,0,449,149
290000,205,0,0,0
290001,237,0,0,88
290002,0,0,0,0
290003,93,0,467,246
290004,249,0,0,212
290005,0,67,462,69
290006,408,0,0,205
290007,0,0,0,22
290008,0,384,337,1103
290009,0,405,0,139
291000,41,0,250,0
291001,476,0,4436,0
291002,0,0,0,191
291003,0,380,41,140
291004,418,0,85,425
291005,48,0,0,37
291006,148,0,426,46
291007,0,0,0,174
291008,445,476,0,21
291009,473,225,314,161
292000,450,312,205,856
292001,372,482,0,0
292002,47,0,0,54
292003,0,206,0,0
292004,59,0,0,1
292005,391,184,0,238
292006,57,0,131,174
292007,0,0,0,48
292008,0,0,0,0
292009,50,0,280,0
293000,289,0,13,294
293001,0,216,0,437
293002,429,0,0,260
293003,0,0,85,111
293004,234,210,320,0
293005,0,0,0,180
293006,338,0,0,0
293007,0,0,2488,231
293008,135,290,0,39
293009,0,0,67,285
294000,147,0,1864,69
294001,0,270,0,134
294002,0,242,0,0
294003,9,2321,124,0
294004,5016,0,0,39
294005,0,115,0,0
294006,120,0,0,232
294007,0,324,273,143
294008,455,75,1647,0
294009,322,0,0,28
295000,173,1380,405,0
295001,123,96,259,164
295002,438,0,0,41
295003,445,406,316,129
295004,0,0,0,210
295005,0,618,483,171
295006,0,0,258,266
295007,0,236,30,141
295008,211,723,105,63
295009,471,0,0,113
296000,0,383,0,265
296001,253,0,300,0
296002,175,0,326,205
296003,0,0,0,0
296004,0,331,0,220
296005,139,0,0,94
296006,212,3060,459,283
296007,217,0,0,0
296008,16,0,0,0
296009,0,45,0,237
297000,474,265,0,661
297001,12,345,0,420
297002,394,3555,0,0
297003,496,0,0,0
297004,0,0,371,0
297005,0,0,238,269
297006,0,0,388,126
297007,0,148,0,222
297008,304,69,0,191
297009,0,0,0,0
298000,0,24,0,16
298001,0,0,31,98
298002,73,498,0,0
298003,0,879,5047,231
298004,0,0,0,0
298005,0,0,10,978
298006,0,0,0,0
298007,292,0,206,149
298008,231,0,4603,49
298009,0,0,0,192
299000,69,0,435,200
299001,459,0,0,266
299002,471,0,125,0
299003,208,254,0,33
299004,304,0,342,178
299005,0,396,33,176
299006,3,0,0,0
299007,438,0,152,150
299008,0,0,0,236
299009,495,352,375,0
300000,5,0,0,175
300001,0,0,244,822
300002,0,0,0,0
300003,0,0,421,74
300004,0,418,0,0
300005,0,0,0,228
300006,388,0,0,31
300007,0,0,0,0
300008,206,332,311,252
300009,0,0,0,43
301000,440,216,238,4
301001,0,453,0,0
301002,431,0,0,287
301003,47,30,103,0
301004,62,350,77,38
301005,338,388,0,299
301006,371,0,0,77
301007,0,0,322,120
301008,0,85,0,260
301009,473,7,0,170
302000,347,0,0,750
302001,0,232,0,157
302002,389,0,406,272
302003,380,482,0,825
302004,49,225,0,285
302005,206,0,0,162
302006,463,111,416,83
302007,190,0,147,0
302008,315,0,0,18
302009,167,83,441,132
303000,0,103,0,129
303001,55,0,213,282
303002,0,0,170,124
303003,307,42,0,238
303004,416,0,0,26
303005,0,0,0,262
303006,0,0,89,0
303007,0,0,0,63
303008,0,208,175,300
303009,347,417,0,0
304000,0,48,0,120
304001,307,312,0,116
304002,159,0,0,167
304003,0,0,141,0
304004,183,493,0,84
304005,0,0,0,255
304006,0,369,0,391
304007,385,255,0,237
304008,0,219,0,0
304009,2819,0,0,0
305000,0,0,2031,24
305001,0,0,0,215
305002,203,0,0,36
305003,0,0,106,292
305004,0,0,0,0
305005,0,303,0,68
305006,313,339,0,122
305007,277,0,0,770
305008,0,0,0,105
305009,120,395,111,573
306000,286,0,457,0
306001,0,0,2196,193
306002,0,0,344,0
306003,0,297,339,0
306004,0,0,84,298
306005,0,0,0,14
306006,377,0,0,259
306007,29,245,0,164
306008,455,0,357,199
306009,309,0,0,52
307000,242,396,0,85
307001,0,0,0,183
307002,96,0,0,51
307003,289,0,294,287
307004,331,0,4353,168
307005,451,0,0,222
307006,92,0,408,212
307007,0,371,0,88
307008,139,272,332,836
307009,0,0,0,0
308000,0,0,282,111
308001,280,0,0,30
308002,0,426,0,134
308003,473,131,3506,248
308004,0,67,0,408
308005,0,125,249,267
308006,9,220,0,254
308007,57,0,0,148
308008,188,0,0,83
308009,473,0,0,208
309000,245,0,0,107
309001,0,386,0,271
309002,154,0,0,279
309003,815,0,0,157
309004,164,230,363,21
309005,0,0,0,166
309006,218,158,0,0
309007,384,450,0,100
309008,253,25,0,79
309009,432,0,439,0
310000,497,0,16,164
310001,167,0,0,0
310002,159,291,0,258
310003,0,0,220,0
310004,0,323,0,235
310005,0,0,170,23
310006,45,111,0,75
310007,124,461,160,143
310008,0,0,0,152
310009,0,0,327,227
311000,249,727,482,168
311001,0,0,171,215
311002,459,0,0,0
311003,0,387,0,136
311004,0,0,106,0
311005,6,413,0,273
311006,123,303,477,26
311007,19,0,0,0
311008,165,0,0,20
311009,0,0,0,279
312000,390,485,0,88
312001,437,0,0,0
312002,0,0,426,159
312003,419,0,2117,109
312004,0,442,392,4
312005,148,0,208,234
312006,254,0,0,0
312007,261,0,0,127
312008,119,0,3050,204
312009,4660,0,0,0
313000,296,467,0,0
313001,0,0,0,0
313002,0,0,0,0
313003,1111,79,0,34
313004,0,200,0,0
313005,31,335,0,0
313006,406,18,0,109
313007,332,0,321,0
313008,0,0,213,217
313009,0,0,465,208
314000,0,0,0,0
314001,0,145,0,541
314002,224,0,0,239
314003,280,0,0,9
314004,481,338,0,838
314005,415,0,0,140
314006,0,0,8,277
314007,452,0,0,0
314008,182,0,0,71
314009,0,0,0,0
315000,261,275,366,264
315001,0,373,77,168
315002,145,0,275,253
315003,469,436,464,538
315004,71,398,0,116
315005,427,189,0,161
315006,5342,126,3014,130
315007,0,471,493,0
315008,0,0,263,0
315009,208,0,0,0
316000,257,0,477,300
316001,476,0,13,161
316002,3964,0,440,207
316003,0,55,0,231
316004,0,199,0,73
316005,0,402,0,104
316006,0,0,211,35
316007,67,120,0,79
316008,310,0,61,0
316009,164,215,0,1067
317000,0,191,25,83
317001,0,0,0,0
317002,93,492,2397,228
317003,0,190,0,265
317004,393,0,431,0
317005,2088,0,0,0
317006,0,133,0,0
317007,460,122,0,0
317008,373,0,1925,271
317009,324,337,300,0
318000,87,0,237,82
318001,183,0,355,328
318002,235,2,435,0
318003,0,0,112,1042
318004,225,10,0,256
318005,491,0,0,165
318006,168,0,470,141
318007,0,0,230,31
318008,3355,0,143,147
318009,0,223,468,256
319000,0,280,0,249
319001,268,0,256,269
319002,332,1538,0,222
319003,155,184,0,30
319004,151,112,0,274
319005,0,0,0,459
319006,0,0,460,0
319007,0,0,0,189
319008,0,466,0,139
319009,0,0,426,37
320000,0,363,0,181
320001,223,110,0,943
320002,181,362,0,7
320003,274,483,0,72
320004,428,0,0,246
320005,304,0,0,259
320006,0,0,0,0
320007,97,0,27,147
320008,167,420,395,174
320009,480,0,0,0
321000,328,0,0,137
321001,0,272,0,176
321002,0,0,74,135
321003,0,0,0,55
321004,0,0,148,202
321005,0,0,0,0
321006,256,0,436,0
321007,0,0,327,0
321008,0,59,442,0
321009,224,144,81,10
322000,417,0,0,0
322001,0,0,0,271
322002,232,0,0,35
322003,347,0,0,0
322004,0,0,0,470
322005,0,0,0,172
322006,371,0,0,0
322007,450,410,0,242
322008,77,0,500,0
322009,287,0,299,94
323000,93,355,1364,120
323001,291,171,2037,0
323002,0,0,0,151
323003,2477,0,195,14
323004,0,322,51,0
323005,55,0,0,270
323006,78,0,494,265
323007,0,0,967,160
323008,0,0,0,113
323009,401,0,0,797
324000,75,0,267,104
324001,138,0,0,0
324002,146,116,0,183
324003,0,237,133,208
324004,416,0,0,290
324005,0,0,410,81
324006,193,0,144,303
324007,0,0,0,253
324008,0,0,0,0
324009,491,0,4873,0
325000,331,0,190,0
325001,374,62,0,215
325002,374,0,0,168
325003,474,0,386,107
325004,0,130,139,16
325005,420,0,65,5
325006,0,434,47,73
325007,349,23,0,139
325008,245,0,0,902
325009,0,0,130,0
326000,0,0,0,190
326001,0,0,150,219
326002,150,0,0,249
326003,340,0,0,834
326004,309,0,0,32
326005,275,0,0,147
326006,484,0,453,219
326007,482,0,131,244
326008,0,0,4954,241
326009,256,0,99,0
327000,79,285,2762,299
327001,0,0,210,96
327002,0,0,397,242
327003,368,439,53,91
327004,125,0,474,0
327005,419,0,0,48
327006,0,173,0,162
327007,353,460,60,0
327008,3788,0,0,267
327009,5147,0,3669,0
328000,259,0,3484,253
328001,205,0,0,620
328002,497,0,479,170
328003,147,0,86,54
328004,57,223,0,0
328005,475,0,0,0
328006,0,0,322,40
328007,78,0,0,118
328008,494,292,451,28
328009,70,0,0,190
329000,496,130,0,250
329001,0,0,0,79
329002,0,316,71,113
329003,315,0,0,275
329004,119,0,0,537
329005,156,54,478,146
329006,0,0,0,1144
329007,60,0,214,0
329008,0,0,0,0
329009,458,372,169,207
330000,396,463,0,39
330001,0,160,0,178
330002,307,257,110,0
330003,101,429,0,0
330004,0,0,65,694
330005,423,0,235,72
330006,159,0,269,122
330007,0,199,0,0
330008,0,0,0,212
330009,0,0,0,0
331000,86,117,352,240
331001,0,179,404,261
331002,397,0,0,0
331003,2621,1,3657,0
331004,272,0,174,0
331005,315,0,385,0
331006,460,0,0,116
331007,232,46,0,168
331008,0,3639,0,164
331009,0,0,0,416
332000,2976,3558,175,1184
332001,472,0,42,1045
332002,0,253,0,1122
332003,0,0,0,256
332004,0,368,81,1049
332005,0,0,384,50
332006,0,0,298,0
332007,466,0,190,0
332008,490,0,174,281
332009,405,346,382,0
333000,0,0,279,271
333001,0,0,3993,202
333002,0,0,0,159
333003,0,1324,528,0
333004,125,422,296,236
333005,0,174,1635,926
333006,0,159,0,58
333007,196,409,1913,274
333008,343,234,0,54
333009,0,349,0,211
334000,328,113,0,0
334001,146,0,0,133
334002,0,301,3660,108
334003,0,252,493,0
334004,0,452,0,278
334005,286,0,0,231
334006,346,107,21,750
334007,0,68,0,222
334008,1934,0,0,0
334009,416,0,0,254
335000,331,135,437,3
335001,225,0,0,0
335002,203,32,289,87
335003,0,242,0,260
335004,0,0,0,0
335005,4527,0,0,58
335006,153,0,0,0
335007,205,0,0,115
335008,279,0,0,0
335009,306,283,0,100
336000,4967,0,0,24
336001,180,0,0,0
336002,0,0,0,0
336003,353,0,192,155
336004,423,27,464,29
336005,0,120,0,276
336006,0,136,368,369
336007,0,154,207,0
336008,0,269,0,83
336009,4181,0,455,114
337000,404,0,188,213
337001,0,0,0,0
337002,0,474,0,233
337003,0,0,136,253
337004,32,0,0,136
337005,195,0,197,177
337006,0,0,0,7
337007,183,428,0,1
337008,72,68,0,137
337009,0,0,328,691
338000,359,0,0,55
338001,233,0,0,218
338002,93,261,0,0
338003,0,0,187,249
338004,335,0,135,198
338005,0,0,0,187
338006,167,0,0,22
338007,0,0,0,0
338008,0,0,202,52
338009,336,0,249,0
339000,3585,0,446,301
339001,5179,314,462,0
339002,309,0,0,0
339003,272,0,0,6
339004,424,0,423,133
339005,342,850,0,284
339006,133,0,2,0
339007,0,0,379,134
339008,379,0,0,148
339009,216,0,0,0
340000,77,95,119,225
340001,63,0,0,0
340002,0,0,60,0
340003,0,127,0,0
340004,2614,0,428,634
340005,0,0,0,0
340006,17,0,0,127
340007,124,0,0,0
340008,0,0,0,240
340009,0,0,0,57
341000,0,77,0,251
341001,0,0,0,172
341002,4278,0,0,151
341003,335,0,0,0
341004,137,77,0,172
341005,0,0,469,217
341006,0,0,0,1153
341007,179,0,278,280
341008,409,76,0,612
341009,49,390,145,150
342000,3092,0,272,279
342001,0,0,449,0
342002,347,0,440,0
342003,0,0,0,49
342004,0,0,0,25
342005,0,0,0,191
342006,0,210,85,248
342007,449,0,3272,66
342008,269,0,0,187
342009,150,404,0,0
343000,0,0,0,0
343001,258,0,0,175
343002,304,0,0,138
343003,241,0,0,0
343004,157,0,0,479
343005,191,387,0,153
343006,338,0,0,939
343007,126,0,321,136
343008,4102,328,0,69
343009,1315,0,0,73
344000,0,0,0,42
344001,0,0,0,0
344002,0,399,0,81
344003,2578,93,0,2
344004,168,0,456,0
344005,0,347,48,233
344006,304,0,105,279
344007,0,0,444,59
344008,416,0,0,11
344009,220,0,112,89
345000,0,0,270,250
345001,0,425,438,0
345002,0,411,0,0
345003,0,110,0,53
345004,472,41,0,0
345005,0,4798,0,80
345006,0,0,0,191
345007,0,376,0,0
345008,299,92,0,0
345009,0,476,28,233
346000,98,0,266,71
346001,413,277,184,0
346002,469,358,0,163
346003,0,0,0,281
346004,0,0,0,248
346005,388,0,0,820
346006,0,0,412,261
346007,0,437,0,0
346008,486,0,0,100
346009,205,0,0,0
347000,0,58,0,1
347001,322,0,0,261
347002,169,0,0,82
347003,344,0,0,190
347004,455,0,111,287
347005,178,10,333,85
347006,0,0,316,0
347007,0,0,4,14
347008,102,0,0,40
347009,258,0,25,214
348000,392,0,0,0
348001,461,0,0,0
348002,0,349,3059,141
348003,0,11,166,270
348004,198,188,69,242
348005,14,0,163,0
348006,428,0,13,113
348007,224,0,180,0
348008,206,0,0,79
348009,39,377,0,151
349000,88,0,0,0
349001,0,0,183,5
349002,0,0,229,176
349003,34,0,0,276
349004,0,0,5424,247
349005,443,0,158,0
349006,0,0,2758,0
349007,101,0,87,55
349008,400,91,0,554
349009,218,0,0,0
350000,245,190,0,101
350001,0,0,480,0
350002,0,0,170,113
350003,0,236,400,0
350004,0,43,0,93
350005,386,0,437,10
350006,0,210,0,47
350007,205,0,287,47
350008,1,0,58,56
350009,261,380,0,0
351000,0,2771,0,33
351001,147,0,174,0
351002,1809,0,0,151
351003,211,449,0,87
351004,194,0,367,0
351005,214,150,91,330
351006,7,0,251,0
351007,0,338,0,204
351008,252,455,0,128
351009,241,63,0,246
352000,2771,0,455,21
352001,67,0,0,140
352002,279,0,0,276
352003,0,0,0,25
352004,299,0,0,0
352005,334,0,270,131
352006,0,0,0,260
352007,371,0,0,0
352008,182,400,0,107
352009,3557,0,0,0
353000,370,4439,395,0
353001,416,443,0,238
353002,372,0,407,0
353003,80,0,0,34
353004,446,0,128,217
353005,175,0,0,107
353006,2198,0,471,146
353007,482,0,284,192
353008,0,433,0,288
353009,0,458,252,356
354000,0,199,416,228
354001,0,488,2663,318
354002,362,0,0,358
354003,0,0,271,1072
354004,0,0,0,139
354005,429,285,0,65
354006,338,0,0,292
354007,330,345,0,269
354008,163,194,0,284
354009,84,3889,0,269
355000,464,498,0,389
355001,417,0,0,65
355002,483,0,30,71
355003,0,0,0,80
355004,0,0,0,74
355005,0,4989,0,219
355006,0,0,216,0
355007,383,2009,70,855
355008,0,288,0,172
355009,0,465,0,202
356000,2186,0,133,0
356001,0,0,488,764
356002,306,0,451,144
356003,0,0,0,288
356004,0,0,247,726
356005,180,170,469,55
356006,0,461,0,222
356007,490,362,0,0
356008,336,0,2071,205
356009,31,388,123,163
357000,149,453,0,213
357001,460,349,233,0
357002,0,285,0,262
357003,194,0,0,287
357004,302,0,123,95
357005,4175,0,0,0
357006,394,0,410,0
357007,2488,0,137,79
357008,466,0,194,188
357009,187,0,0,246
358000,213,374,448,133
358001,33,209,0,170
358002,0,190,0,40
358003,396,487,3,55
358004,0,0,2835,39
358005,0,445,175,284
358006,0,255,0,0
358007,224,0,443,0
358008,500,217,0,222
358009,384,0,0,4
359000,107,0,0,0
359001,0,0,1202,0
359002,342,28,0,45
359003,0,0,350,157
359004,0,0,0,174
359005,0,0,0,0
359006,473,319,36,0
359007,391,41,0,0
359008,428,0,0,299
359009,0,0,207,685
360000,296,0,1240,172
360001,243,0,272,215
360002,87,0,0,18
360003,0,0,367,0
360004,0,88,0,252
360005,456,59,0,177
360006,299,168,499,296
360007,453,0,381,254
360008,0,239,408,0
360009,206,236,0,198
361000,0,0,0,667
361001,111,0,292,0
361002,0,3999,0,195
361003,224,0,78,0
361004,0,414,8,121
361005,63,35,0,0
361006,187,416,241,559
361007,468,472,0,34
361008,346,259,218,294
361009,0,0,485,0
362000,0,0,0,98
362001,438,0,0,236
362002,0,283,270,0
362003,412,0,0,80
362004,291,0,0,305
362005,288,0,0,227
362006,384,334,2943,288
362007,0,0,0,91
362008,0,0,1946,209
362009,1373,278,143,0
363000,479,0,0,181
363001,0,38,91,357
363002,0,0,0,15
363003,435,176,0,17
363004,0,0,0,89
363005,0,101,313,28
363006,0,0,0,280
363007,237,0,357,126
363008,281,0,0,75
363009,347,0,0,300
364000,129,0,0,188
364001,324,0,0,137
364002,0,0,0,56
364003,203,0,483,27
364004,128,46,0,288
364005,300,135,0,222
364006,276,0,321,195
364007,202,330,0,223
364008,41,2459,0,222
364009,0,472,498,0
365000,136,0,242,150
365001,93,387,0,91
365002,201,431,139,278
365003,0,0,100,282
365004,178,178,0,185
365005,381,0,0,0
365006,262,235,320,265
365007,124,0,0,124
365008,367,89,0,174
365009,0,289,0,195
366000,5377,441,0,0
366001,0,0,0,50
366002,0,0,253,0
366003,55,276,104,204
366004,401,0,369,0
366005,0,0,144,133
366006,147,0,0,397
366007,168,437,239,0
366008,0,0,0,19
366009,59,0,143,0
367000,206,0,0,143
367001,57,424,487,19
367002,0,34,203,206
367003,203,308,394,0
367004,0,0,0,253
367005,96,0,155,0
367006,0,0,164,96
367007,391,0,1918,148
367008,228,0,0,147
367009,164,463,0,0
368000,0,0,403,243
368001,427,18,3174,0
368002,343,366,0,245
368003,39,0,0,113
368004,0,471,437,155
368005,372,0,0,191
368006,212,0,3849,152
368007,0,0,0,0
368008,303,0,0,18
368009,277,0,444,233
369000,389,143,2760,59
369001,0,0,133,0
369002,0,2322,311,163
369003,118,0,9,219
369004,268,0,0,67
369005,191,443,2001,170
369006,471,0,81,100
369007,421,88,357,286
369008,0,297,0,989
369009,236,0,0,0
